"","Epidish_CBSX.NSCLC.PBMCs.scRNAseq_B.cells","Epidish_CCLE.TIL10_B.cells","B.cells_Subgroup.3.Iteration.1","B.cells_Subgroup.1.Iteration.2","B.cells_Subgroup.2.Iteration.2","DeconRNASeq_LM22_B.naive.cells","Epidish_LM22_B.naive.cells","CBSX_LM22_B.naive.cells","CBSX_LM22_B.memory.cells","B.memory_Subgroup.1.Iteration.1","XCell_Macrophages.cells","Macrophages.cells_Subgroup.1.Iteration.3","DeconRNASeq_LM22_Macrophages.M0","Macrophages.M0_Subgroup.1.Iteration.1","Quantiseq_Macrophages.M1","DeconRNASeq_BPRNACanProMet_Macrophages.M1","Epidish_TIL10_Macrophages.M1","Macrophages.M1_Subgroup.2.Iteration.1","Macrophages.M1_Subgroup.1.Iteration.2","DeconRNASeq_BPRNACanProMet_Macrophages.M2","CBSX_CCLE.TIL10_Macrophages.M2","CBSX_TIL10_Macrophages.M2","CBSX_LM22_Macrophages.M2","Macrophages.M2_Subgroup.3.Iteration.1","Macrophages.M2_Subgroup.1.Iteration.2","MCP_Monocytes","CBSX_BPRNACan_Monocytes","Epidish_BPRNACan3DProMet_Monocytes","Monocytes_Subgroup.1.Iteration.1","Monocytes_Subgroup.4.Iteration.1","Monocytes_Subgroup.1.Iteration.2","Monocytes_Subgroup.2.Iteration.2","Quantiseq_Neutrophils","Neutrophils_Subgroup.2.Iteration.1","Neutrophils_Subgroup.1.Iteration.2","XCell_T_cell_NK.cells","DeconRNASeq_CBSX.Melanoma.scRNAseq_NK.cells","DeconRNASeq_CBSX.NSCLC.PBMCs.scRNAseq_NK.cells","Epidish_CBSX.NSCLC.PBMCs.scRNAseq_NK.cells","Epidish_CCLE.TIL10_NK.cells","CBSX_CCLE.TIL10_NK.cells","DeconRNASeq_TIL10_NK.cells","Epidish_TIL10_NK.cells","CBSX_TIL10_NK.cells","NK.cells_Subgroup.1.Iteration.1","Epidish_LM22_NK.activated","CBSX_LM22_NK.activated","DeconRNASeq_LM22_NK.resting","Epidish_LM22_NK.resting","CBSX_LM22_NK.resting","DeconRNASeq_CBSX.NSCLC.PBMCs.scRNAseq_NKT.cells","NKT.cells_Subgroup.1.Iteration.1","XCell_T_cell_CD4.cells._Th1","XCell_T_cell_CD4.cells._Th2","CBSX_CBSX.NSCLC.PBMCs.scRNAseq_CD4.cells","CBSX_TIL10_CD4.cells","CD4.cells_Subgroup.1.Iteration.1","CD4.cells_Subgroup.2.Iteration.1","CD4.cells_Subgroup.3.Iteration.1","CD4.memory.activated_Subgroup.1.Iteration.1","DeconRNASeq_LM22_T.cells.CD4.memory.resting","Epidish_LM22_T.cells.CD4.memory.resting","CBSX_LM22_T.cells.CD4.memory.resting","CBSX_CBSX.Melanoma.scRNAseq_CD8.cells","CBSX_CBSX.NSCLC.PBMCs.scRNAseq_CD8.cells","CBSX_TIL10_CD8.cells","CD8.cells_Subgroup.1.Iteration.2","CD8.cells_Subgroup.2.Iteration.2","Quantiseq_T.cells.regulatory","XCell_T.cells.regulatory","CBSX_CCLE.TIL10_T.cells.regulatory","Epidish_TIL10_T.cells.regulatory","CBSX_TIL10_T.cells.regulatory","T.cells.regulatory_Subgroup.1.Iteration.1","Quantiseq_T.cells.non.regulatory","CBSX_LM22_T.cells.helper","T.cells.helper_Subgroup.1.Iteration.1","MCP_Dendritic.cells","CBSX_CCLE.TIL10_Dendritic.cells","CBSX_TIL10_Dendritic.cells","Dendritic.cells_Subgroup.1.Iteration.1","Dendritic.cells_Subgroup.2.Iteration.1","XCell_Myeloid_Dendritic.activated.cells","DeconRNASeq_LM22_Dendritic.activated.cells","CBSX_LM22_Dendritic.activated.cells","DeconRNASeq_LM22_Dendritic.resting.cells","Epidish_CCLE.TIL10_Cancer","DeconRNASeq_CBSX.Melanoma.scRNAseq_Cancer","Cancer_Subgroup.1.Iteration.1","Cancer_Subgroup.2.Iteration.1","Endothelial_Subgroup.1.Iteration.3","Plasma.cells_Subgroup.1.Iteration.2","DeconRNASeq_CBSX.HNSCC.scRNAseq_Myocytes","MCP_Fibroblasts","Mast.resting_Subgroup.1.Iteration.2","XCell_CAF","Epidish_CBSX.Melanoma.scRNAseq_CAF","CAF_Subgroup.1.Iteration.1"
"LP.01.01",0.398658572659064,0,0.925155768337014,0.557068804669236,0.241470381547325,0.3975085148277,0.694913893544386,0.777001928039058,0,0,0.0839032735061914,0.573096582612339,0.111273616317413,0.1303869130311,0.173361634208834,0.677226161049904,0.397042042259078,0.284623643975498,0.430939504308376,0.658797688255138,0.549934175109542,0.983330155620487,0.322500610852375,0.535031809523843,0.685385208621009,0.637576670261276,0.00146407234955717,0.148588414500568,0,0.228775047985434,0,0,0.355915165362833,0.345141866528872,0.146718868941391,0.621042752575508,0.160924935036989,0.74321987658621,0,0.89322174012122,0.528233484833503,0.898251179506564,0.527693384546704,0,1,0.880639282337686,0.253045225365066,0,0,0.0049941056606845,0.577698870192607,0,0.0663515384148348,0,0.466032350593045,0.598951835169757,0.611843560683839,0.611652377061482,0.43705202051958,0,1,0.732974557647235,0.904264782465466,0.285458306483009,0.123092631702085,0,0.201469039385819,0.128686661715485,0.196181988198233,0.547302215870795,0,0,0,0.571232536421352,0.24568934755852,0,0.183181137629827,0.731823853534846,0.167675305282469,0,0.123745144839674,0,0.308911367362815,0.558507970265468,0.175021081558666,0.266907863047087,0.23352169785901,0.717142947071942,0.953334010133884,0.2142253877521,0.364277364076739,0.330185869306029,0.329333280103335,0.756664166086976,0.716813354625708,0.591738416306159,0.640500772341759,0.783606435685038
"LP.01.02",0.750083650366486,0,0.848793217357387,0.273275713168715,0,0.0709368464234849,0.669018159506948,0.263310615101173,0,0,0.140053870145431,0.54349830560939,0,0.392743257305559,0.10342023126388,0.622679847877515,0.449070494008153,0.0948610388166885,0.465982049236792,0.901866551279903,0,0.324773017912299,0.449905273484318,0.592261542427863,0.625280443257269,0.747317961479202,0.0670398449544975,0.597178878614801,0.199120761253152,0.437590916885396,0.395597908693983,0.353779659489806,0.461548406869994,0.901563841400073,0.364973706286061,0.0614221466970554,0.233941331135193,0.820543224547627,0,0.369393180999969,0.0174564913074983,0.77122015323075,0,0,0.813527180912227,0.414251549822659,0.263186145413302,0,0,0,0.491745554463565,0,0,0.000999350573036836,0,0.212105004275494,0.77571818641359,0.515442362422842,0.482059615396103,0,0.815467036484466,0.803463220934335,0.806773671727367,0,0.691980811633813,0,0,0,0.0731817742396331,0.0507861512275942,0,0,0,0.235304055290554,0.297858476300283,0,0.1730118828343,0.847615851607895,0,0,0.289824267015332,0,0.220866998031092,0.628884295278473,0.114867861651593,0.669609409399748,0.164320152579746,0.695181966298414,0.956913282445736,0.20620025934539,0.759407670701187,0.0464314394746038,0.449291761571573,0.713082479883842,1,0.613251972409714,0.513857210095102,0.720448376211715
"LP.01.03",0.346175396710841,0,0.901446522113181,0.444643882129037,0.216873641428046,0.356770603612826,0.558887171168665,0.2841743772672,0,0,0.101576371118996,0.521352357834878,0,0,0.169423835386962,0.565431443769067,0.471150190213071,0.0303024801439665,0.523367958520609,0.859515293335956,1,0.207740254527044,0.260159922780284,0.541888413820761,0.631071265495761,0.706332693433018,0.134122973470918,0.581054667542823,0.0226635380661496,0.555353525583588,0.840841905293345,0.233164524919163,0.815921144916628,0.475810089581249,0.236656800166304,0.0211817585412616,0.34112991866885,0.765617725119913,0,0.743581428317021,0.324145845576763,0.684754868843614,0,0,0.629480927273602,0.714204055787386,0.536072829775158,0,0,0,0.404494986923856,0,9.01789152794025e-18,0,0.411489817433282,0.438359436640288,0.769020060896142,0.610514358935225,0.244730193761531,0,0.646278678393845,0.622941391598721,0.924735774647467,0,0.118513560460791,0,0,0.1790276626537,0.528665148481482,0.759735713889499,0.253822029775545,0.0992266955861157,0,0.827459624619213,0.130077834861174,0.277833125417067,0.589991071059849,0.885872627259356,0,0,0.364511801391294,0,0.409186353499123,1,0.555812851222028,0.528438023098745,0.101660790333467,0.649040689262477,0.907355789053259,0.158666705230035,0.642682959571193,0.177049385697226,0.211639823812321,0.59141437960874,0.693560818676274,0.57112084592767,0.477995979291994,0.654547056431238
"LP.01.04",0.624247509901298,0,0.902742530417352,0.611223239266921,0.0654898459200473,0.329026859413976,0.68947147208776,0.383543326019525,0,0,0,0.418010863450479,0.327018613314293,0.276425855309821,0.192640808310143,0.696013656590724,0.640736878463732,0.165112539805157,0.523861021073203,0.703125148927131,0.324122501429162,0.48285914717795,0.590005590203366,0.534043251028304,0.455236884863966,0.746706824348729,0,0.172301475719457,0.021781374230131,0.123591366979451,0,0,0.173669044549942,0.223938659656294,0.233929129728847,0.661769371056263,0.627207012322433,0.852373201082149,0,0.144199356542015,0.0293200991250875,0.903445072919419,0.443709096746419,0,0.638585368976474,0.76755644153455,0.129738355917722,0.103611796457636,0.138934313641013,0.309762937537932,0.564306897225437,0,1,0.046939537862329,0,0.685738875660601,0.431612915474784,0.314347593579932,0,0.0841791500168198,0.406144042951289,0.539187764031029,0.498343104148032,0,0.672929261040919,0,0.190007575744397,0.037531495646066,0.133602771165167,0.0934488959794172,0,0,0,0.182707037862694,0.497912257185672,0.543280595730543,0.694652414656194,0.448768427924795,0.824407059907694,0,0.28643397695653,0,0.118375764278967,0.544322632748282,0.317725357105924,0,0.833229005083027,0.710821837366467,0.987596521043572,0.261084853449636,0.400649648131945,0.562177115209041,0.504655222269152,0.778470476798227,0.471674866572466,0.297740526468702,0.8929686206754,0.823829359724297
"LP.01.08",0.504788870097063,0,1,0.726814807801153,0.440937357016853,0.557370270084029,0.590112019082548,0.559958066586489,0.29677404822852,0.305522212141445,0.143179910245712,0.520616956489902,0.234002137205675,0.506752282332631,0.0917067649483174,0.708121891020395,0.649843295175722,0.163157720937457,0.499632903385737,0.688234150964478,0.188986540687049,0.318596488170093,0.495835162147144,0.608058410892112,0.604268064045163,0.700053676735744,0.0236183661935048,0.239115111136952,0.00136304377928156,0.0659378633741438,0,0,0.215855168755644,0.146093673423553,0.166614100632978,0.211186380124212,0.109683540154734,0.821140129328432,0.0282099247241294,0.492776099783381,0.0354545099800456,0.788274472035221,0.0900972288961485,0,0.819175479064033,0.419909863282246,0,0,0,0.213916959365693,0.405734270875993,0,0.00592188450784816,0.00764173257387308,0.0992588820968684,0.783400095522233,0.401220589074097,0.5103399035565,0.0850591579983421,0,0.709672216912724,0.568423301566853,0.493548864574904,0.253648243215793,0.0728469842746039,0,0,0.0557734909104421,0.100286529960985,0.230742061675949,0,0,0,0.241056484424617,0.364879083699207,0.144932738740277,0.397818927367672,0.52282421875657,0,0,0,0.0728340120495096,0.1703980602434,0.588167660679061,0.0143662837704266,0,0.57575640396701,0.746552016531805,0.939848174638809,0.245365405565634,0.413732178256763,0.846712405945666,0.175033378331337,0.777993520769043,0.495125117133464,0.81024492941112,0.751711658542867,0.838581237689088
"LP.01.10",0.384709013353224,0,0.963601207657302,0.410398719483567,0.131880605730617,0.372714435678501,0.51450346607616,0.855713341053978,0,0,0.14409586127539,0.608402992793668,0.0767938949664415,0.0556855109662069,0.274181813353988,0.746856254241928,0.410037674579162,0.441805316803458,0.463579628836682,0.651010660490401,0.257051558949985,0.413229160386044,0.551238550815382,0.628785125696459,0.704128306396598,0.671385550712283,0.0728614407095364,0.346170194207791,0,0.274504318229505,0,0.0424143526294792,0.439788582787318,0.464322229792157,0.209280075811647,0.163408685041959,0.417424510828102,0.867415528615338,0.26964434091068,0.996257378905889,0.160419216035788,0.764694540625145,0.847880830095116,0,0.650474049828196,0.162729803157155,0,0.303580191285628,0.334484739535907,0.466448520742184,0.469831954078892,0.0588504810753427,0.072471536071741,0.000787529811354721,0.17586821000973,0.775314899872996,0.561576639818886,0.451494982824156,0.187624830977154,0.0897356756111585,0.773182785406624,0.670818557874999,0.618663398975393,0,0,0.15623239062079,0.0385675281657292,0.14869216548076,0.284984349658529,0.462870268054427,0,0,0,0.508680847476064,0.667298394042368,0.00264358007976813,0.332473235964677,0.702628910960051,0,0,0.393114938368443,0,0.424277375004034,0.632796298886059,0.336389479704203,0.270912901192437,0.336993997047612,0.607408436432628,0.956796608928485,0.237594647455729,0.367071075586291,0.155493361967283,0.0631918321651686,0.711091101904479,0.666519605338916,0.803239624429018,0.732741033510829,0.817973364965316
"LP.01.12",0.496759695610551,0,0.872327028993102,0.328147747099614,0.0529322521107366,0.117650456239356,0.487281276962463,0.585545889616801,0,0,0.200948158811306,0.616366304343007,0,0.333799368072101,0.19368895591473,0.616119252760367,0.687476277858768,0.0513267277578507,0.724819915814152,0.918431914597815,0.208569087037245,0,0.869944921368058,0.765528699247141,0.659587284813363,0.718894449448186,0.192472797621746,0.871555479699137,0.112306445159736,0.342684201817098,0.455984580342474,0.499837283724954,0.636117355075542,0.575254270791536,0.230542501842044,1.18372012112853e-20,0.487059993556053,0.868138635783321,0.56974397725022,0.91947518506997,0.274497481649118,0.670147112484453,0,0,0.700220739074175,0.421254998142151,0.16600334099178,0.255172463101086,0.266081944896006,0.306757659292873,0.387134927298528,0,4.59329210528226e-18,0,0.321789046948613,0,0.639500454884055,0.488298725516607,0.369947641561416,0,0.841653968208858,0.611704690069116,0.634178632779413,0,0.229567293816839,0.107057031566964,0,0.157567538325434,0.656263677132449,1.03681473305574e-19,0,0,0,0.351116665069657,0.130763335592148,0,0.0945640867129587,0.697412269490682,0,0,0.110981427991155,0.237072623321852,0.166560401455704,0.755155436165136,0.32237414552684,0.213475164744118,0.00117014970090644,0.513171723399301,0.891985088344648,0.179807596315197,0.91854169405822,0.116058958644955,0.323372392888849,0.674656975128969,0.581748281858371,0.667445823332584,0.528839730667751,0.717150640979144
"LP.01.14",0.278495006121159,0.144970722232697,0.93360109592573,0.660443730860355,0.657161453391652,0.474949807480464,0.487960723495329,0.0315252504847641,0.912695005383661,0.940463497179069,0.182745222567455,0.519801489474673,0.0756802052060478,0.119764792644843,1,0.787236809763693,0.528233915572634,0.588573756678839,0.575436308157802,0.544549643545557,0.11954190501002,0.419431289182645,0.484812393610981,0.557499320103955,0.47830500313461,0.623983405407206,0.0652509009938839,0.245453556616173,0,0.183768017160605,0,0,0.503094292703285,0,0.0590858398651053,0.21438264433844,0.482087619457585,0.89724274147064,0.356792395869893,0.929484026291723,0.419086659689468,0.716213259375071,1,0.708627918793215,0.640208774459761,1,0.0162023362439814,0.250612926239471,0,0.184956303321916,0.275979652755393,0,0.0664747656609657,0.0576639717457511,0.172786344291057,0,0.306890180844424,0.543709679871825,0,0.156830380456105,0.720449170577548,0.430078699929563,0.707680217771075,0.857945120363302,0.307466726713879,1,0.239237746623501,0.531739331573489,0.251506796622383,0.33934171431902,0,0,0.426362021835174,0.213097724259561,0,0,0.389046511149275,0.582585783905667,0,0.149723084981192,0.24018437655718,0,0.508592441410904,0.424313657458253,0.0531215450249895,0.159506529541221,0.551028622006831,0.494399838496177,0.907018461135261,0.209826179755046,0.375414268029289,0.426961647636986,0,0.647275021220048,0.477504886136878,0.152265881381632,0.716340876059484,0.767464696447169
"LP.01.15",0.389462476214028,0,0.74378207833317,0.386586399401861,0.232459025981272,0.493478930744898,0.635069213213315,0.428938759518097,0.153925946888371,0,0.179394965583899,0.515756168413938,0.0865115432926338,0.11230740586539,0.115724841597237,0.78416062616545,0.458466621905754,0.32162842485065,0.456069282652072,0.625579847351171,0.276552488067963,0.166009125042661,0.848458917091593,0.712117962794306,0.659747269677225,0.713597256378118,0.0803750461184901,0.344426798230275,0.305284543536117,0.101000460729442,0.187586776172912,0.0957081513472433,0.387515468694392,0.550457417674311,0.347884463982239,0.1642543598715,0.562508423635702,0.79691365366992,0.296178851881423,0.314486947144746,0.0418346229501502,0.643912220698896,0.165320257115091,0.511907936730584,0.476550768304612,0.22455938361405,0.0673574526038797,0.200524832137492,0.370316174599244,0.0559738731690072,0.451276905390304,0.259259253126292,0.240277047376341,0.0227522620975419,0.10733917205086,0.653471810169764,0.478912331459939,0.414760218761047,0.00800980415533751,0.099207406316302,0.627061281269293,0.595231798012582,0.551028530291532,0.141593664647814,0,0,0.00455016243481141,0.126992001202779,0.234576384246304,3.10871939107123e-18,0,0,0,0.0540034500773689,0.223900631217159,0.176808036603042,0.410865651675519,0.4854039512585,0.263865745320587,0,0.108064429712489,0,0.0846968600693749,0.670294468121156,0.0468224853225338,0,0.603141895186304,0.521595388184995,0.947411139650354,0.456553595808668,0.754860772320182,0.271035619553108,0,0.682786956806119,0.420104378401115,0.429301813552129,0.6949164930423,0.752341569327496
"LP.01.16",0.363283053317378,0,0.884002049301525,0.486808905771927,0.284915143479728,0.199298814655305,0.440372493427365,0.0538170965968843,0.24351876358014,0.32960716456893,0.352698703197008,0.572310402614038,0.136815900895989,0.551186847794225,0.241503582285206,0.787968672556268,0.528598246556339,0.454275817429386,0.631994570369363,0.625659504011514,0.14436908932938,0.127915013207899,0.701250933018056,0.604362117613172,0.676771394665198,0.744956428281007,0.159162523652568,0.567423406571929,0.0633851659784513,0.150860323153065,0,0.0171833967388438,0.394937247187662,0.462863507744881,0.255687961192219,0,0.580460146658696,0.839801177525999,0.266822369824581,0.458039593319316,0.428547314535157,0.506611488617564,0.318582766971488,1,0.547828790208661,0.679984615133303,0,0.226885287667465,0,0.297210998135018,0.32234702998628,0,3.28741605212755e-17,0.118475835497218,0.140858203296541,0.519247989088465,0.283337401786947,0.447019699964227,0,0.597016040397511,0.67145129876229,0.465598749307372,0.452238738435996,0.204583154755117,0.388286763270893,0,0.0802776864096843,0.499138525834883,0.477199467410169,0.498521164019512,0.378800871920656,0,0,0.11323018581767,0.0382879122440379,0.191412341772312,0.262658374288403,0.597339057602018,0.573209723988203,0,0.46410706835802,0,0.276742345966708,0.385891933468953,0.221250238478819,0,0.508412599421542,0.457800481350438,0.887366172847402,0.212074622460269,0.327890639992949,0.472493202638546,0,0.68933412730491,0.41548822559477,0.353920161470701,0.777093303694242,0.838070385972665
"LP.01.17",0.227353532763778,0.0474786738803234,0.868276117023056,0.575588927335165,0.407572425602859,0.905667620197104,0.98434905586538,0.349971287112467,0.927156428025183,0.374195120247014,0,0.244774847120133,0,0.0743544449923687,0.0562920771327177,0.542824701994718,0.218072813924151,0.419204169627405,0.328738942580867,1,0.0307012655694301,0.00773384787205789,0.431357594845753,0.653552177261706,0.44404799824012,0.671055325470751,0.134184847122688,0.411777899708448,0,0.714854382771634,0.41907804170432,0.158317624332838,0.22472320162629,0,0.0595922354819533,0.208896459073838,0,0.857774165319909,0.117689543486703,0,0,0.445769644424209,0,0,0.47369364211547,0.345192396057032,0,0.117771470137437,0.203257767296734,0.473098816605179,0.382754719716705,0,0.0127544237955563,0.0064807313006316,0.702098786993225,1,0.85143824778506,0.545726813338783,1,0.0697886702729874,0.945759918732976,0.602296986454611,0.891632361932077,0,0.0374657472610567,0.458406884397491,0,0.0935710729224775,0.254226084880647,3.62398800869818e-18,0,0,0,0,0.91122134678131,0,0.415556769658739,0.50615506729005,0,0,0,0,0.237603011085217,0.216002295410725,0.0311419074816904,0,0.33829503703357,0.53331918731992,0.880414669061954,0.254591699576208,0.745496855843616,0.0836151203157209,0.0923920403255071,0.714750974688985,0.235622186920597,0.48102313228773,0.692754032297665,0.853340603097452
"LP.01.18",0.352484479180047,0,0.924642183776613,0.386619176991999,0.123707820733867,0.139593176512056,0.255632326359746,0.188503061433358,0,0,0.532183942671258,0.660984362486742,0,0.20974184638651,0.801380476814522,0.704905746756016,0.428053980370688,0.252078225070222,0.581370430749336,0.700602172494861,0.44428871508477,0.410884200693539,1,0.745968848727182,0.593171441401978,0.745678434500042,0.0800594007386596,0.509551230362914,0.0443835879338517,0.203807858418177,0,0,0.650643776099198,0.354522995761811,0.263494448679503,0.0899336805201898,0.624029760946816,0.810719979970314,0.207586544642176,0.277352002685869,0.0212595821123417,0.656174951045688,0.293843751141417,0.191814540869754,0.482758081392567,0.106122969451841,0.280049517490785,0.19618558053694,0.243188423389234,0.0538571637021863,0.521500047428393,0,0.10592097759145,0.0823743478496289,0,0.3178461343223,0.397611506128693,0.433272383076693,0,0.662257212930778,0.592808123125092,0.60050850788006,0.563327236468601,0.534613920494314,0.185284276229106,0,0,0.354540616849513,0.891245811313105,0.958084134578292,0,0.447568798861128,0.246421048917414,0.569487646413808,0,0.271445390777116,0.418364785836228,0.553046807646182,0.232042514359199,0.349606757735491,0.39580469133172,0,0.691947155789667,0.817721136228713,0.789870369743744,0.520161026240683,0.49790680140185,0.510335772990397,0.951739424707076,0.229626641299837,0.385354782317246,0.167677984310914,0.14845863285879,0.743645185321279,0.138208579991442,0.00145347185889586,0.711891333933551,0.723235752975785
"LP.01.19",0.299552647725044,0,0.784948559983327,0.339534009122715,0.127592990726473,0.31982039204207,0.716119340929773,1,0,0,0.0482157554870669,0.449598269524547,0,0.0229786087081312,0.624403963927884,0.678215189196795,0.403537620110471,0.291887179800054,0.612916404669839,0.766114570346687,0.426357433132416,0.149179793644725,0.447005060999249,0.525711481028682,0.530119549148362,0.673812683503414,0.0972923125948473,0.413306716607582,0.00469263185085192,0.247108382454496,0.0585166318139077,0,0.783547272242987,0.489634191561495,0.247743792456205,0.146740494532578,0.364894331899381,0.754271323523682,0,0.643880671735753,0.0439721756644867,0.630619001370903,0,0.0466293948673782,0.713263931630354,0.435199588765073,0.180230226258014,0,0,0.0282453484349633,0.580918788913955,0.13418887277326,1.11247678092033e-17,0.0386906528591548,0.826322780375438,0.478349835884506,0.767621147178866,0.595796772555481,0.518009273998981,0.0989582585393458,0.884020516886574,0.7784778383244,0.986218304507689,0,0.289217548246295,0,0,0.29486297156851,0.522310056680923,0.789234402236277,1,0,0,0.723551028846916,0.669203143363249,0.199388954191077,0.444519046290242,0.998444666462573,0,0,0.215508657868387,0,0.265673476647317,0.70643648770734,0.338553855477605,0.748622133575935,0.220989562857645,0.693869448323667,0.932949746123199,0.206692101140719,0.390857372283145,0.100534404564339,0.31603980007359,0.623465616899305,0.452652754253148,0.450777749768314,0.596227677846746,0.683656879852433
"LP.01.20",0.92761567686149,0,0.933759048124787,0.823393547990717,0.371867634248155,0.601846991859242,0.803874357234241,0.671684341184012,0.348611539920796,0,0,0.252719328812986,0.327654800667164,0.242044061118196,0.0958068855978498,0.74657494548028,0.663218364659476,0.353027094615158,0.433312199405874,0.771416014411266,0.108288012530583,0.214372642801216,0.444924419125492,0.541534040510609,0.333764208665821,0.695038366680239,0.0525809962268336,0.171198987724057,0.0381945232961198,0.18215434301326,0.0274106673756051,0.0543182084216384,0.367779392372009,0.357008183114769,0.19290584482177,2.08466033648173e-17,0.184351340469536,0.734578125048963,0,0.487530264044834,0.11517473648274,0.582432671060673,0,0,0.514203748143897,0.783894759654556,0.000704306811225806,0,0,0,0.67811893073614,0,3.51205820685852e-19,5.0874661280132e-18,0,0.914359843450136,0.605393548125297,0.435165784422661,0.405751140897594,0.0982481497630677,0.662415142422445,0.650772691091451,0.570840688764117,0.00999795786097428,0.602685191772581,0,0,0.13776331426346,0.199199616966426,0.735725711482381,0,0,0,0.16266693727566,0.252502462546178,0,0.421892675459115,0.471016433751698,0.604786036774074,0,0.284171674933849,1,0.163171622278927,0.423063502053572,0.260297978354809,0,0.321128320900148,0.699119437545185,0.944731321812651,0.21393299341927,0.476342799721627,0.731994396883016,0.273817233072723,0.818519091731973,0.476601814640833,0.766146373257562,0.893674881880541,0.906684381547169
"LP.01.22",0.862886017020517,0,0.921124061172797,0.619014180258566,0.0163757161938691,0.323931651300267,0.742081185348205,0.903751542596356,0,0,0,0.505699311635353,0,0,0.0131420702060076,0.589250083779257,0.252846244633041,0.248302931515652,0.303791621113852,0.808128232083119,0.972761968483292,1,0.638185272122052,0.618622822821568,0.876342918189428,0.755059137912478,0.0104944596215249,0.12872082356348,0.19593438577322,0.13942981578371,0,0.00308479127388343,0.169709640056481,0.606238416665339,0.276267638782381,0,0.62315232382481,0.777862219349481,0,0.212497733959193,0.0597772271818598,1,0,0,0.822525073840044,0.927743793614413,0.383734062793281,0,0,0,0.684726383257028,0.0519939943641517,0.0482705087569334,0.105779703137045,0,0,0.55035968212566,0.274560057511287,0.089867534632939,0.011262588726831,0.509300255961223,0.648543767755197,0.651451088498686,0,0.306185326380324,0.0266163912380454,0,1.88310613839333e-17,0.00488714059210673,1.01716182341176e-16,0,0,0.34917469111241,0.0424420497047424,0.109460352356291,0.321847947451591,0.544037554804884,0.528895955734799,0,1,0.675459890944141,0.038682034322401,8.73720169711021e-18,0.785069163221801,0.958389521904795,0,0.596663481372001,1,0.989724912357939,0.259981658671161,0.614444883287206,0.474191181153945,0.742810952078906,0.732817096937209,0.275787668537289,0.291139402437821,0.810312527026908,0.6990396457059
"LP.01.23",0.59239968054751,0,0.906881475229825,0.454950067827476,0.112815927253506,0.259232702419366,0.368570467605948,0.285919199171646,0.181816587413865,0,0.186354619819837,0.482985975125639,0.344735833274766,0.247461820095862,0.183223906389033,0.818095125434505,0.578346337329375,0.25115261151506,0.814443367286571,0.715938598544317,0.165063681417179,0.605869743513937,0.574288524776627,0.520512734807074,0.666929898765257,0.716211161943116,0.0710651505853265,0.390175351239193,0.0746371293779127,0.274827648005203,0,0,0.436530595418887,0.464066505103853,0.227598268495664,0.0804077084290467,0.165113268888397,0.758399712477343,0,0.505835684112607,0.480672271599446,0.744078980179594,0,0,0.625745375302606,0.751826841875273,0.220949161346329,0,0,0.0238429026596683,0.574675555416044,0,0.0157660229897346,0.0207434593495274,0.444897868129678,0,0.500258249296426,0.532689143632053,0.0747435449890725,0,0.710422555997415,0.75319035606943,0.745398486168829,0,0.0439178108225074,0,0,0.0663375549400534,0.350759739001982,0.770741601128179,0.435406539883034,0,0,0.62268682986805,0.306266941124062,0.251509438478257,0.335371263915056,0.835183400175444,0,0,0.157919478857193,0,0.278500101835662,0.752834309892693,0.275218737212453,0.47720557675779,0.335305758358156,0.643219182250152,0.934866142646473,0.197499637139124,0.334744403979804,0.254762530780788,0.251691666077748,0.737392958951708,0.648597348451719,0.677828075280499,0.770590434286837,0.797783092894515
"LP.01.24",0.288586746203481,0.316968459442873,0.87200104185616,0.415161986589495,0.406122704489066,0.479798047227801,0.532247717244385,0.298964978166618,0.707664702592565,0.661127235961181,0.354877927676051,0.607851352623185,0.462853546763944,0.927677354751752,0.186731067068109,0.839105999427139,0.399256088824521,0.315423864596363,0.558256659689206,0.675410173575876,0.170514325981141,0.624853532294387,0.4762183650445,0.526676867982161,0.512379314219196,0.698499973664026,0.130741264297806,0.605209834756801,0.0378948400492254,0.168947278921748,0.431859126211629,0.187822578765121,0.557096686107598,0.668529334813784,0.377732831167545,0.0719067618421648,0.401678846096132,0.849265573964692,0.371279495475943,0.612064319467655,0.387493246757861,0.40836879997899,0,0.126420939183899,0.547919468571081,0.34160379583317,0,0,0,0.193674949302212,0.27005000491477,0,2.96325827002734e-19,0.00447723500304559,0,0.255476866070313,0.535313523895813,0.568965531013752,0.600683789609253,0.100715097895514,0.731312689796745,0.605289388262895,0.595635000572692,0.0238059367158387,0.678662886787325,0,0.17314354905385,0.341691265895267,0.358946721987704,0.377044230594765,0,0,0,0.265214728554294,0.535408735026082,0,0.46779510375643,0.533442235610929,0,0,0.360614958251083,0,0.383268766314192,0.53903287761699,0.173377452921373,0,0.104603066026696,0.503838892871959,0.869856916592141,0.225220252552344,0.509926128260439,0.135767745063039,0,0.593561611948613,0.328513667645272,0.324973838241184,0.564477163183581,0.708512780504258
"LP.01.25",0.265544944789013,0,0.861520630767386,0.582790684884398,0.19260376686818,0.347850571586034,0.620928708222032,0.658316423197532,0,0,0.273121038436417,0.52978254618243,0,0.288879770438134,0.424975102487676,0.686466695511273,0.509562470711401,0.160487244518985,0.607906086019693,0.766697397145435,0.175703432477617,0.777738928199129,0.552332053259878,0.577414691329059,0.655679079581253,0.689223932972866,0.0856377816667317,0.524334624325477,0.0339290667812835,0.392428485155282,0,0,0.607350713511599,0.466045335871845,0.249698967452522,0.174917300500824,0.150390303895981,0.871500963671489,0.413944454811677,0.861059089291392,0.517376807133603,0.687295512183738,0.312948471626123,0.164092295596428,0.70029772637479,0.309089982784194,0.220335886208848,0,0,0,0.172221913545716,0,1.6061828990777e-17,0.0274223048344954,0,0.194852288728021,0.688865768093784,0.53269641663937,0.0550916709223878,0.0642892895668089,0.899557557919848,0.66982480110196,0.698079432602027,0,0.819245873971287,0.382186321898305,0,0.315735248794112,0.588448904225061,0.46100591534343,0,0,0,0.564326380480337,0,0,0.136871016448817,0.666336378585448,1,0,0.195984590482285,0,0.447664704144397,0.691590632050236,0.203284261341528,0.34757781965868,0.314412796032703,0.552293198121888,0.933072433859685,0.185966249543495,0.330135609930187,0.352760345418202,0,0.718794712217454,0.551910734355618,0.507275837670234,0.692703499625793,0.784503242986487
"LP.01.28",0.5340660282667,0,0.835546438407095,0.488165961193201,0.259001707848888,0.418254757685455,0.43945684919145,0.0537318186214488,0,0,0.167302837675213,0.47070842919224,0.106679455327869,0.109510247853944,0.0957281718837341,0.746704304990456,0.356785012308662,0,0.482178637765696,0.757376334141799,0.0880108354684386,0,0.489146348035375,0.661372472234031,0.799349868616315,0.710007410412955,0.164846294682969,0.552604586644124,0.0957743655076546,0.450401319379523,0.581023770596131,1,0.30188947500203,0.678918996904244,0.280823599100236,9.11614280313423e-20,0.179729416173494,0.793842363793416,0,0.701031625921445,0.0735184327662152,0.562099036993096,0,0,0.66052576332099,0.667985099877076,0.170121966412251,0,0,0,0.411322495921371,0,0,1.97172022774469e-18,0,0,0.496184452776128,0.479103961064957,0.466195332000444,0.0201014298779876,0.781201308300266,0.630192534422737,0.753184252078568,0,1,0.0844324383630034,0.0333102640787356,0.176692187583917,0.231327956062182,0.155962089814754,0,0,0.217983634423458,0.324218366122056,0.209061191084177,0,0.112946594299225,0.679173899655545,0,0,0.124867972960756,0,0.226762548149185,0.672733828500951,0.276544448092406,0.405841298532756,0.0737698780792974,0.557829782447231,0.931608365365221,0.240847810614229,0.653822997804319,0.289388431019501,0.0810204144386463,0.733042268572943,0.927458547310352,0.715288745127942,0.671173779031882,0.812268864961985
"LP.01.29",0.441852216541762,0,0.748674863613587,0.502820553687609,0.313624351265542,0.393175394714751,0.605753699164366,0.202348447076564,0.327264975493365,0,0.0377768163245725,0.528761641436344,0.346893966831889,0.260598016673662,0.151757549165315,0.733136070194613,0.547804586256845,0.463783088868083,0.451378646131896,0.645094085173738,0,0.102407208639217,0.276112566184301,0.422592726814272,0.28139216510999,0.684252358128606,0.117040501976533,0.401431469426731,0.208143619336961,0.524128618936688,0,0,0.386362797557285,0.648856241060323,0.453894767661225,0.255089909838492,0.533849631452517,0.647345238595193,0,0.177942533076629,0.0844571807321428,0.704735169052624,0.607563049340681,0.0573975401847678,0.474078628314173,0.0216128444590726,0,0.349776662581785,0.50350505503689,0.426961058034818,0.734195236904789,0.184727984349849,0.228679883182706,0.0555122194395376,0.523414221204859,0.69102027275575,0.394694390084042,0.489732227659358,0,0,0.522152765591245,0.476935051673186,0.804189015195318,0.0938819667638777,0.202538450270738,0.720350885033382,0,0.180704487006371,0.266140516124528,2.56392802868639e-18,0,0,0,0,0.218737444872456,0.215022136912396,0.781202611504017,0.492188714377749,0,0.191000010918586,0.102291016299694,0,0.643693853661138,0.429119892223617,0.100746177108035,0,0.811489269394725,0.713901906410078,0.944642087567431,0.281236339393795,0.391655835306149,0.195877855254544,0.231712766987122,0.614239243505092,0.254560260160119,0.34714413418409,0.720846029194987,0.708596178439465
"LP.01.31",0.82634584927212,0,0.942055410043073,0.415740815997806,0.0257079434503732,0.295959105978304,0.840918899161844,0.154124154894101,0,0,0.0249976803026053,0.4884477944877,0,0.0641020598249811,0.138922893153273,0.64325225557565,0.546127746225407,0.0333377062311862,0.588517945461333,0.856449294378641,0.364144369129298,0,0.545343732901263,0.639608948828018,0.742423618202427,0.80561433645015,0.0681881983343492,0.375385676696906,0.2385141721289,0.433699922943679,0.174631998211775,0.292405798678482,0.293557868727579,0.63457277876657,0.275307114073296,0,0.34233029511903,0.751045843766796,0,0.452089059019907,0,0.892449715596315,0,0,0.735742293555508,0.545667009448773,0.216320565510684,0,0,0.163616497281635,0.604518470874142,0,0.019314009277732,0,0,0.207509013965695,0.650453663258347,0.411571614784371,0.123803894232925,0,0.55101542972958,0.604014717307558,0.71655563752212,0,0.0959201067553897,0,0,0,0.17126312730339,0.179057574292676,0,0,0,0.380486980464058,0.25909783465651,0.222988674624949,0.310565786956784,0.716077386285823,0,0,0.311734746008477,0,0,0.944827232518002,0.658362354944882,0.54143569748294,0.299716643383709,0.832847880477061,0.973370418257208,0.227382117249503,0.75289201627706,0.220903234899373,0.447183187023019,0.749175797500063,0.691427397370763,0.352198568463306,0.683514094908978,0.737574256335339
"LP.01.32",0.761301298173127,0,0.904864902706644,0.716101859413222,0.162794997954774,0.455841508392847,0.648141579030337,0.190370297796695,0.442131288538366,0,0.0131386268596107,0.341335164662758,0.0283831775628225,0.186010928497089,0.216400693836311,0.704784696553073,0.603609867391895,0.0723272422634819,0.501134359113901,0.705747226532016,0.0562924012359432,0.134996778053351,0.508152588351308,0.647216905424459,0.652890509023539,0.727495375782163,0.0338906180821938,0.252548676957039,0.196598517068264,0.137370789132881,0.109893523462835,0.0658501644814761,0.378586645277713,0.154669865182719,0.21432166318849,0.171705925039775,0.412943374351094,0.779575104796922,0,0,0,0.751087171303875,0,0.179135758629037,0.56999904399746,0.238495022626617,0,0,0,0.191181390674777,0.538958225384978,0,0.109468169789627,0.114629284213828,0,0.859109686106742,0.527024645399166,0.384757260675507,0.0158549654918251,0.114832940075166,0.5733123387977,0.588352023214556,0.659373979048177,0,0.401665102796146,0,0,0.0915201216704517,0.218495187158774,0.3994947301783,0,0,0,0.0082209772686264,0.293785999729869,0.496383607901424,0.398883161497135,0.683200481728564,0,0,0.290539832580843,0,1.89403291369552e-17,0.871620099000692,0.306339689060366,0.053048365743627,0.715041287330438,0.679832478008702,0.966005811766127,0.20048284771886,0.535493584388152,0.548495380347247,0.449097974165671,0.78495461270818,0.561293199662745,0.390371687794207,0.864372012867095,0.806511084156869
"LP.01.34",0.264098463138993,0,0.899376379397577,0.641754424393855,0.188744886526295,0.263518777575288,0.611746471719509,0.129334803287368,0,0,0.206738456442893,0.41893208360745,0.0361654277437723,0.169522939870632,0.349299396920655,0.765318623634311,0.486820654258987,0.269606106171276,0.755462816734262,0.673449255372885,0,0,0.510881200545358,0.529692968678871,0.52696260221844,0.732293469601259,0.107985608865056,0.592173997504922,0.0177890547116614,0.265875525877102,0,0,0.509906838392136,0.190209716889453,0.204828621367338,0.124236459793318,0.189532469562076,0.753042005976693,0,0.279846558787958,0.632374452814425,0.51133556101998,0.370220530471759,0,0.423732436448269,0,0,0,0,0,0.414694074072378,0,0.0372949907404824,0.088694873837354,0.322303421710838,0.559201767999695,0.566608865711078,0.554223898726828,0,0.430116111077316,0.708476559853914,0.721973514018758,0.75891374350204,0.118766585265614,0.160563735998363,0.283556946143932,0.0316776028751362,0.274438981342993,0.925185196766033,1,0.783912376217258,0.847080962449808,0,1,0.227925655193528,0.387562083123853,0.495715104589888,0.612259714819575,0.0100256110597445,0,0.365547545181552,0,0.483266638453727,0.72166043620939,0.513891338551845,0.184072081701581,0.516325744668307,0.551306111906443,0.927458852268896,0.187048805823394,0.232187811186637,0.43873925880408,0,0.741682362347807,0.161415861158435,0.344645992119966,0.743574419674354,0.771294642718971
"LP.01.35",0.19065964408574,0,0.791801352764135,0.497425864790921,0.301950527772291,0.215204569772332,0.561631295256964,0.428528047018372,0,0.0374100056721848,0.35500329654,0.538682495578035,0.343304671774787,0.497019191792168,0.29147456607898,0.934594876825224,0.520121982359164,0.564183256210231,0.758627563173425,0.60238835819322,0.350646469076151,0,0.452309647488829,0.589445515074116,0.631246518551313,0.747590666771607,0.192617254563299,0.650600011431795,0,0.208101265948088,0,0,0.485412953159504,0.346725053059528,0.14718333180588,0.0441970265242097,0.349459100132984,0.934895080440747,0.437996945299001,1,0.364207758580763,0.570083610196892,0.568308620541208,0.204385687176958,0.645621365500738,0.153129147895635,0.0831417707863532,0,0,0,0.151682389077473,0,3.15033429163741e-18,0.0390225078355472,0.980492848067063,0.596898427383816,0.657643377750806,0.566308448497642,0.407873124089287,0.236063397285105,0.883448396986736,0.634398256310406,0.892762092541231,0.435934589302889,0.0778357015844235,0,0,0.416537694860987,1,0.669097447224591,0.0585481992985199,0.184190858550537,0,0.735493788385187,0.177497226935891,0,0.404776081094582,0.536289456621676,0,0.0010245932990444,0.279668184741182,0.00298867498423259,0.453925437640502,0.39068047850097,0,0,0.130959770415847,0.453441521590561,0.856253139736348,0.162716034529457,0.240072775628418,0.351807572328692,0,0.703863289968168,0.476282796002311,0.357842603978817,0.662570471355116,0.805961667455436
"LP.01.37",0.510620353687893,0,0.76563658593844,0.523424411886144,0.100493765807951,0.268392146675002,0.680796251360241,0.63517576565411,0,0,0.291803998985107,0.510687927647129,0.806254133828189,0.787668078833707,0.232527597375966,0.791208743878356,0.813286499885505,0.784495458185344,0.799102439199598,0.620145953438359,0,0,0.497160846319575,0.45632008683833,0.160522013843024,0.779461085894938,0.0393821300212543,0.382792782942943,0.389192787472223,0.263044064628024,0,0,0.310734793683822,0,0.267164984203331,0.903060187870136,0.550880349301472,0.769482826012699,0,0,0,0.459188738654593,0,0,0.223994419638114,0.584866057448545,0.424607854451328,0,0.222570060650042,0.128984819791079,0.555145129727841,0,0.0724787769297405,0.264748063529369,0,0.323234205809374,0.35912122638727,0.280899588010181,0,0.194259968485838,0.257005140291579,0.516378845612554,0.269494012497114,0,0,0.052775194549957,0.140954974959909,0.0560630823600505,0.196301136367584,4.30674206219755e-18,0,0,0,0,0.332838358561698,1,0.59688347476862,0.401140065324349,0.720569696655836,0.40617447513577,0.258386885420233,0.231728510081133,0.685731954929181,0.41860358156582,0.644898563469607,0,0.815252648878938,0.66152275141578,0.979775078795403,0.427345542839041,0.422377159781981,0.252373875319392,0.253295407516057,0.841939090707337,0.0308887674056234,2.37998816057185e-17,0.93841534175871,0.739108548111955
"LP.01.38",0.764426001654289,0,0.87541021219093,0.552680189542699,0.00458490177519406,0.187156715280999,0.600028697553791,0.363322785772673,0,0,8.39246150538058e-20,0.630086300592275,0.524396136862857,0.256670736044098,0.259876547869686,0.839602140491208,0.541403037195459,0.335544933256712,0.315322849065483,0.718087948775802,0.0967516284034794,0.407376979157465,0.846472599153562,0.556903679850657,0.564291327896577,0.811215105449488,0,0.179622736505877,0.285797703143405,0.121069144679927,0,0,0.25031193727445,0.0435224831290622,0.242641430325996,0.171965036536192,0.636598820086841,0.781742477558432,0,0,0.00381602393817265,0.748722374381123,0,0.0846053161492768,0.266061512762599,0,0,0,0,0.154336213832036,0.564108852656069,0,0.0507153065437805,1,0,0.965863757387481,0.753990454663132,0.34284692956491,0,0,0.616404932127506,1,0.796224226072056,0,0.591080070355285,0,0,0,0.229267157684601,2.89463727138122e-17,0.0890395971472791,0,0,0,0.0813835279883772,0.475731596009246,0.34145082353284,0.718729565652337,0,0.0239177364634252,0.931292072135698,0.0319207695291383,1.14261489004831e-17,0.697134816758578,0.283481437050037,0.74701317097184,1,0.943235208624199,0.990242232479639,0.318090955704304,0.226275758765076,0.131323682847923,0.783024321677051,0.802274934614285,0.144180180019437,0,0.814988743342153,0.549750084062645
"LP.01.40",0.557985885648069,0,0.843741019236417,0.393611882811432,0.0250950503552396,0.0117556964785225,0.170414606530378,0.221636933331273,0,0,0.431865614069554,0.426531633950986,0.126761701875099,0.0563931187817311,0.322568379402813,0.77768265885043,0.270822025330782,0.638662786268838,0.465060550752645,0.566097370177893,0.0465428554364717,0.122707694038434,0.447560600415791,0.710354374877842,0.275964779600088,0.72883785052265,0.0478757905712754,0.454200161862195,0.0752147884567049,0.261251273688626,0,0,0.486567119271711,0.346190059299913,0.340861282403049,0.192005924191785,1,0.806511249921693,0,0.137626612780026,0,0.618373116226963,0.869142469407005,0.643632973871843,0.378114071433413,0.229240104454302,0,1,0.474574198554642,0.303457982833926,0.730334817786668,0.409601266000507,0.375969797127101,0.377881494429732,0.378674129473315,0,0.625910079051412,0.348189742366011,0,0.855326135055962,0.51366113658279,0.553014173704195,0.46850850890659,0.414638997779214,0.187734031522554,0.618293720828955,0.488506352762988,0.607609644661711,0.628122633545612,0.582732520213603,0.617800980666848,1,1,0.662170467561262,0.0681241070426736,0.0737206607840737,0.356686791949932,0.569450881719554,0.115542021037908,0.0129227150456924,0.790738004221984,0,0.590588124036322,0.771317786514714,1,0.0796556611993985,0.779717443605038,0.582040092471515,0.956169671958689,0.25211212472115,0.358125765643974,0.124527006807467,0.260531895013461,0.658664848817627,0.145401997540133,0,0.82822014153919,0.718871406690688
"LP.01.42",0.393963913340697,0,0.886500439749782,0.767045872378039,0.212581626757209,0.566213635505183,0.743030678385359,0.456616397898254,0.206433437013848,0,0.141550808514556,0.279986277052563,0.169217998029677,0.324186678354351,0.241833903701554,0.772863430359063,0.866771220490938,0.180230901775035,0.774078351099063,0.745452802841204,0,0,0.511586819842523,0.538065927449532,0.246199509037026,0.697669431644637,0.0668845606339269,0.32155302125818,0.0352391524739302,0.0469018128174257,0,0,0.435148806343532,0.00045947945986267,0.229174480990338,0,0.406988477157292,0.729781896571151,0,0,0.121733542939105,0.560898046137007,0.0275783742713229,0.198277329684398,0.322694413730395,0,0,0,0.0652696005764829,0.136977787655283,0.599246606140313,0,0,0.26319914411323,0,0.426659004315776,0.461248388980026,0.516869478359769,0,0.537643134062067,0.683467143661267,0.673095040931491,0.757465391848781,0,0.671093278054976,0,0,0.349292678293888,0.347329607347843,0.605600499558277,0,0,0.037263812319026,0.374861949429973,0.420935396149033,0.308551395681072,0.469619209788572,0.408426031426109,0.0557609229795373,0.155698583897519,0.42227103422828,0,0.0176911379602148,0.589396075420891,0.398810653697313,0,0.814835419589278,0.620526118041866,0.919696335232088,0.18219272048823,0.246207647719526,0.541171024772591,0.289791320877638,0.764183371552797,0.0115890630339066,0.373960892657444,0.863342353694693,0.868333605861914
"LP.01.43",0.340858231350365,0,0.842952428208664,0.676918392807319,0.526121648492567,0.431644711105133,0.595848627487068,0.761090449656796,0,0.268619642678045,0.186420040042924,0.360916474050659,0,0.050539911674157,0.231532768814524,0.588100824873227,0.377697574287437,0.443486322060959,0.59618582215995,0.618150472761426,0.192735992560798,0.0290505080191422,0.297702340020059,0.560894717226617,0.462068700921473,0.629764516874392,0.169885647327923,0.637884488764952,0.0153225307697234,0.849981003973319,0,0,0.197322039516533,0,0.0338625515729585,0.404718511052492,0.582361997867511,0.81131969485964,0.109789691146233,0.821604212547607,0.767806193314609,0.513482515238716,0.555821753385762,0,0.462765338381912,0.527999367666433,0,0.283017563259896,0,0.321763715245286,0.277822349487952,0,0.0203125971950419,0.0157797787049713,0.542765049913029,0.486593397018578,0.408873990534132,0.550835035556048,0.23576320343416,0.0992616690008799,0.584869126923909,0.405211585780907,0.771789028001009,0,0.273689882155767,0.729095836233144,0.369105215676795,0.512762286181977,0.493080765452262,0.324679468059843,0.628455976774845,0.154706713679521,0,0.612316298860388,0.782242444582982,0.195457216579977,0.657455558381018,0.760227772712055,0.157177501651913,0.348453193615286,0.021848492485736,0.536372817086428,0.460365905155028,0.520455937990927,0.0912297954442011,0.225105071124145,0.315561807679744,0.4747613270457,0.890942228649511,0.128227697837485,0.266147010000175,0.318651656709662,0,0.671640293026274,0.264310015325783,0.26126328173936,0.769740801474515,0.772079168825778
"LP.01.44",0.540043689905779,0,0.886687017935531,0.430493527186565,0.0796754663915628,0,0.417322314406669,0.202146756551413,0,0,0.415657011031327,0.41475476990841,0.518694563549064,0.504339333774583,0.293934487101476,0.741362629841223,0.800230137381582,0.964861621627952,0.82755867881484,0.562098899467594,0,0,0.706855729387593,0.494345850656538,0.358765346110264,0.776740165522789,0.0816486527833172,0.464691360881048,0.153321985220104,0.325739942756247,0,0,0.336172990340705,0.272823830428924,0.216006792338158,0.461558544582814,0.554104689449715,0.667595711484328,0,0,0,0.515336518782248,0,0.23117936114098,0.339229621206607,0.891376016872736,0.313332717075052,0,0.122548390862296,0.159465017933986,0.767594683571371,0.166459943842063,0.0838645123565719,0.0178985322516392,0,0.438880492730767,0.48802129972539,0.274682455329184,0.0410344814309692,0.090060187524106,0.549446528132607,0.503963824402824,0.402607241823455,0.167025873852597,0.328054073717926,0,0.0291666525418514,0.28078071079636,0.129420772578833,0.0813850223949767,0,0,0,0,0.534401252697466,0.303940845855276,0.469569148893118,0.342076648027177,0.75765031127042,0,0,0.00586931692508964,0.48625434867833,0.358674441604398,0,0.124779897500352,0.566195376353932,0.49194606043633,0.973018208279055,0.208628530635341,0.380750261918481,0.387733183628621,0.155832593554409,0.951855379367623,0.449334679446679,0.902331952267321,0.979993790426292,1
"LP.01.45",0.679061081758652,0,0.910692969029828,0.96499210660492,0.251124653090913,0.692311673003165,0.649251032428773,0.624648775561928,0.035838725021554,0,0,0.175168387513774,0.448520646769024,0.164242520351643,0.0592489233108513,0.73975845271863,0.990545542646604,0.486525372115495,0.431023097397401,0.688197825187046,0,0.0933670096658318,0.339984027040279,0.467831549575005,0.231163508535671,0.670321415513611,0.00236395629278169,0.0854418950015052,0.226125829196879,0.019712018205668,0,0,0.179959455764778,0,0.213121878746978,0.0640621372066505,0.453785720150001,0.731676034876039,0,0,0,0.646984749468061,0,0,0.405186690661301,0,0,0,0.309226689233449,0.0881481815202367,0.609876558769544,0.157490094801093,0.15596466172829,0.27895265119913,0,0.914873433138492,0.608715717478534,0.293395703624656,0,0.195043279049472,0.648730141176597,0.687915444892523,0.524082053585664,0.493912332965468,0.389007128753036,0,0.124125308557361,0.0643190151200526,0.323880236128326,0,0,0,0,0.198102851456302,0,0.521015578561828,0.488492320271278,0.397781126240448,0.282343143242515,0.0330335077395925,0.664844741951959,0,0,0.444155937063327,0.0802131187214217,0,0.965697742843273,0.887456118319642,0.986118273711573,0.380655635377946,0.326021456565378,0.483085593493285,0.524663903542364,0.781415820637927,0.785980468565853,0.17768540097946,1,0.756078813812384
"LP.01.46",0.230547618761783,0,0.816363405260397,0.39777072078174,0.089800120530412,0.330836721604418,0.507768595936401,0.325813797192229,0.133987298234243,0,0.296023908835267,0.717506546862419,0.155669015149238,0.284701864216162,0.259891146669066,0.721809850330387,0.334312155933444,0.175664313022305,0.395465308498659,0.675595584160039,0.3215532575533,0.423730759087453,0.738302828221111,0.655133824528924,0.746537688452863,0.735463074157912,0.148850976809386,0.422441054365844,0.0328573675207708,0.301576621330946,0,0,0.257554282920216,0.289881914030022,0.218247107972048,0.0927916166968854,0.366174035581202,0.987105436194243,0.763893238410284,0.144424667599857,0,0.648055462641584,0,0.0890249578826953,0.55157673567627,0,0,0,0.163471596665748,0.355233638199898,0.0491973964513705,0,0.106791614396945,0.0714748451970523,0,0.792943601975713,0.686013347203141,0.591479883553254,0.655490074800135,0.0276201097702367,0.698547344582841,0.820867184993948,0.913750862250637,0,0.935041692048455,0,0.0655093981377757,0.379902924613145,0.22393543106021,0.696615600754604,0,0,0,0,0.505294264283536,0.175579490012465,0.765521953219074,0.724387311519443,0.575747519220364,0.444260004257349,0.3776157101439,0.122636962007506,0.119281037502088,0.635544393173896,0.334414355159594,0.420211532977736,0.277908046932293,0.795097777655066,0.941412245576656,0.256599264969496,0.313119868764504,0.16418788879808,0.347066730816943,0.633580743310886,0.0238736773327939,0.444416278421626,0.55125957016612,0.676921166502466
"LP.01.47",0.278666101049091,0,0.826419000295326,0.323190433593974,0.119697161386244,0.179601506818533,0.138405525459499,0.159904205483226,0,0.195071351098321,0.348684115336512,0.699593356277691,0.161659486385981,0.35688079692213,0.210366505891451,0.796774723870626,0.488730214622265,0.0552579619956458,0.620533149509884,0.794976824872779,0.205134695603165,0.583542409788604,0.539911799556802,0.601079096239063,0.72407834983887,0.799421626808779,0.132303618931034,0.687889870164986,0.154750719049676,0.293826774435934,0.0155797573057424,0,0.377385593566911,0.452292686669808,0.233654528016388,0.101421297013728,0.147599780910308,0.834282877941117,0.266095735830612,0.53721727631128,0.105691233289498,0.643339975287479,0.229774641121651,0,0.576627382564733,0.477180955000746,0.224310350454323,0,0,0.00184346286468548,0.297632407230882,0,0,0.044880909416232,0,0,0.753793521348331,0.627226591907461,0.136747123273266,0.0101839934116951,0.875375820730179,0.787234869007254,0.894745286513496,0,0.391573030023932,0,0,0.266239872796549,0.356850661188413,0.99338220853415,0.286779025259954,0.362365333518656,0.97844117473758,0.805097794623974,0.470776760871805,0,0.218038177119264,0.736301038582129,0,0.495785596385449,0.659318469996091,0,0.25083277157892,0.824728357971069,0.842228970390665,0.758076232819921,0.256361709731684,0.697893655482145,0.951328542405838,0.271781662002071,0.267683027448761,0.0200502757891644,0.386190362759416,0.668109568604448,0.613266564027684,0.184144189386723,0.580389327873416,0.688896029604413
"LP.01.48",0.59339787825909,0,0.813276142637465,0.357590984115905,0.000618342998278299,0.152298283600989,0.24301661026507,0,0,0,0.396196561377946,0.537771114520505,0.606913656281843,0.635534160002914,0.0391781333572546,0.854003021110393,0.296474423886517,0.13344580668458,0.257473189026247,0.616758391323823,0.107251950840201,0.928972610275805,0.564641403382032,0.915344870141638,0.405915949875451,1,0.0784650277255728,0.540696217585578,0.334808480311824,0.0851949008656536,0.0249496065696899,0,0.796215842023283,0.877901797804523,0.847655110372934,0.86657795893336,0.896110014996442,1,1,0,0.109801042134817,0.491158921439434,0,0.00574261079418243,0.0363419468195164,0,0,0.752229838588678,1,1,0.378798730188165,0,0.736379048035168,0.31700629131714,0,0,0.178636005061526,0.246591026953446,0,0.04745622909777,0.131388275277737,0.45456302989986,0.576007734547382,0,0.574519673364882,0,0,1.34785236958856e-17,0.0189141169481432,0,0,0,0,0,0.106514427596143,0.0601596366580624,0.0851529910432177,0.466510033381245,0,0,0.0742952225770396,0,0.101632397531683,0.52153653791281,0.0460743286335594,0,0.783464720009929,0.708720319342142,0.983563054121699,0.305997703289487,0.322370123565568,0.190032371416382,0.600063226989103,0.823646158056206,0.045536670660776,0,0.78621577180057,0.657180681484037
"LP.01.52",0.847201316203506,0,0.931149455632325,0.406340812741382,0.0608170150774836,0.0491544462436958,0.0966587706198374,0.052231085961338,0,0,1,0.892756686173767,0.46398531284624,0.949290334287334,0.277469394690943,0.855986576198113,0.448531723158828,0.179064245603342,0.706179937634084,0.706880726779844,0.435165204263381,0.986384059568861,0.885975607153283,0.76851455096518,0.84050895618133,0.84994101330135,0.111332836247121,0.631176340223618,0.211598606475644,0.348439961575873,0,0,0.563395607318834,0.596862991565533,0.280339582637694,0.207547296399127,0.414566049410749,0.833045885827461,0,0.748247747905923,0.417102039039151,0.746120674573175,0.446030973948847,0,0.549539891735391,0.280123706339039,0,0,0.212431933254079,0.496155976640981,0.470076274515664,0,0.00744168529981922,7.55712398242504e-20,0,0,0.509311604432662,0.429984747045988,0.0235937344668717,0,0.505309798866339,0.624650891765132,0.523462536646521,0,0.325286559818374,0,0,0,0.181563428528873,0.0527362562333673,0.104468285061438,0,0,0.0275093790060467,0.19518026677416,0.192196940542957,0.29019217716171,0.605001301308745,0.765011417855622,0,0.262534904460516,0,0.51723931773393,0.46431610924812,0.346198455338903,1,0.285472943021541,0.698594469007039,0.938767587784574,0.233078090507231,0.199574955445867,0.118895059443696,0.186753450066487,0.774361430182817,0.538045214649884,0.600399138813216,0.66958381175045,0.68547454645899
"LP.01.53",0.380950448151772,0,0.874000262784175,0.610503124486651,0.0241360563039195,0.305354077266298,0.89983271172479,0.523795504586643,0,0,1.50289162065789e-17,0.231011803801976,0.465388660092037,0.471570949923768,0.156600143172556,0.663721349618076,1,0.240467833294149,0.546318600808764,0.689177982406845,0,0,0.264471657871809,0.411828130678239,0.2746705362683,0.717984013383035,0,0.309321590707262,0.218062036586871,0.382015349230575,0.0296644954777301,0.0349252533112375,0.268530630223684,0.104067697434885,0.342831771678037,0.325878793745871,0.296592479013087,0.69333880832242,0,0,0,0.683156208670926,0,0,0.314485931273156,0,0,0,0.519270189335873,0.477095483609963,0.703505548548437,0.986723053930814,0.180561136734724,0.0216441352896597,0,0.728222008201284,0.731905351669382,0.264415989759687,0.0762387866746665,0,0.498467823731386,0.734592526675043,0.853332418729402,0,0,0,0,0,0.107388599545446,1.42821841731603e-18,0,0,0,0,0.504232245166137,0.296673338679506,0.446680007012607,0.453286516291308,0,0,0.236549020980389,0.151747833151559,0.0576994282398481,0.536616092780698,0.216015213460249,0,0.83710240709,0.75960908519164,1,0.445140735018754,0.788130401107768,0.152498262072283,0.275425577241684,0.927729160725108,0.276762736246743,0.552750851117971,0.918032024654804,0.87498133246323
"LP.01.56A",0.717661994550329,0,0.90428680830948,0.379756365880298,0.0526102749292536,0,0.253359884804111,0.455542496954759,0,0,0.69854302343674,0.7026250291868,0.0736981548629132,0.447978279733581,0.579440063910621,0.695358106473087,0.627723710807214,0.637352460773267,0.82733679366635,0.639995588525588,0.15675106803738,0.0843410584285605,0.792025826719692,0.668252714257839,0.582263713670463,0.802410439375171,0.0887101250267798,0.636506234560362,0.111805082125547,0.31264271513438,0,0,0.382173192382343,0.0185929751642311,0.100980789687406,0.352438208422613,0.627044585962148,0.850981852595646,0.098426098532722,0.0491421122175422,0,0.593718140834905,0.373155665355233,0,0.340395973523469,0.569428186388979,0.0533732261100448,0,0.271732614209537,0.247273477071455,0.49645454383984,0,0.156090997006398,0.0583635861148043,0,0.407330859423298,0.463102092076629,0.378465288716851,0,0.304522111915902,0.424579013378715,0.52893717869379,0.448673047344239,0,0.484021574735905,0,0.124019004415651,0.294866598593367,0.694522321358099,0.733476149953401,0,0,0,0.167543081018102,0,0.998113001443611,0.712642945603447,0.685775618160739,0.423835586971945,0,0.283667124148818,0,1,0.440662033151131,0.215673877144867,0.883963871950794,0.644988148412674,0.585387819714942,0.963579026401865,0.289684787909918,0.334439276355404,0.0973870674720299,0.075417700690865,0.77999235939396,0.363702115066973,0.239363490568443,0.731365288690234,0.790165962845441
"LP.01.57",0.362995753409716,0,0.91034847306473,0.534141067068346,0.392846302072918,0.237164369829169,0.291458482717382,0.224017971792689,0.192738518480393,0.710329642783689,0.309205819585332,0.600007593229426,0.0845721433106043,0.425507251354628,0.200294521856819,0.765923700685978,0.665041832604794,0.46729679923311,0.686039502916845,0.692372958748492,0.471270893414816,0,0.642290272811094,0.618561009520546,0.586077729323487,0.700873912329059,0.136650669058761,0.51550705471334,0.0413451030505317,0.17872824265241,0,0.126748321380997,0.366364131459864,0.225658559920112,0.146562596833899,0.035501047476665,0.384070796468943,0.705528655307875,0,0.449643112270911,0.134410275632822,0.52850918029755,0.207421008332992,0,0.462224081883639,0.292195489967595,0,0,0,0,0.517508008023202,0,0,0.0562382833203276,0.189941443223333,0.729329826424309,0.29247807941277,0.468161309607841,0.129570237854043,0.383056381632377,0.674278723986547,0.547164478771451,0.550805436526739,0.481292766301919,0.220060527601746,0,0.348273610910025,0.424974560869216,0.293172539644914,0.387876830415706,0,0,0,0.334980621154256,0.541645407708917,0.0467086794201506,0.375081656795082,0.631274454642334,0,0.0212027990016966,0.69423589721184,0,0.561411606150722,0.640516639233296,0.398185704380019,0.362579965976745,0.366718289646562,0.521577629670569,0.881436060206276,0.238848709461299,0.329781087789468,0.330909216776267,0,0.694519809706995,0.375692427812244,0.490708113115916,0.723070633415477,0.756006571076455
"LP.01.58",0.509920079925761,0,0.925112171636599,0.805229976617554,0.435175165546014,0.512864350275713,0.470499539496847,0.193706089103114,0.573737649613588,0.193784444373475,0.162384449661035,0.273478364954594,0.185424976221444,0.190056141298371,0.285862958339139,0.72543898687831,0.697164468195935,0.319796013713092,0.74256738733853,0.688384057166882,0,0,0.514249066404882,0.477017818608037,0.41944264285541,0.66685982129763,0.0489810521769901,0.420638849563851,0.0276539130302607,0.174161436787024,0.0841424386348368,0,0.393560096160442,0.302482202100781,0.235495320980065,0.0556552011206122,0.34205065715092,0.707069995637384,0,0,0.0352048162185348,0.48124165363872,0.0669093820563871,0.0560448573927053,0.386274702110632,0,0,0,0.2072117190199,0.231873677461126,0.670358520546634,0.070310703168287,2.62124226264678e-19,0.166343609410548,0.336510212463815,0.597449108427086,0.390367621323896,0.465507768549038,0,0.303793252895674,0.533077191457546,0.623123478002421,0.494498762573372,0.138199450604754,0.165761300416523,0,0.0782367530847173,0.135210657190216,0.504053101922197,0.258059723813685,0,0,0,0.15943356910731,0.173215527171623,0.0927109099164059,0.466736493599528,0.597793311120697,0,0,0.298831501279157,0,0.203686034631084,0.789815551695921,0.613389406956258,0,0.688551411939768,0.526958563168722,0.927355761593426,0.230774266584043,0.455676106801578,0.535690573993341,0,0.774894038511152,0.333315922780535,0.46968303729577,0.880120180915687,0.814060207053374
"LP.01.59",0.486065428238531,0,0.559646173697772,0.358352320852359,2.12662887025609e-18,0.115407738026067,0.451251941923615,0.238487781091819,0,0,0.309850964602958,0.357880026772761,0.00390244365158915,0.206107562194905,0.0718671024255956,0.611870408885158,0.408517776782442,0.100087972102143,0.424131091410815,0.725192794917229,0,0,0.862141193742691,0.721267155386269,0.312741804513194,0.834232646935099,0.0713729888561955,0.601999053051974,0.916362743755488,0.0903259762023338,0,0.345318005561234,0.398362799590329,1,0.98508727626253,0.110627086837989,0.604307954516708,0.794686451254325,0,0,0.0202226667970369,0.590693087171581,0.161646986014575,0.0952744426842421,0.171095033173581,0.190564101552733,0,0.752594540841674,0.611931632819711,0.460155623119521,0.5022889786841,0.161077625886379,0,0.268997326432239,0,0.329851690234073,0.127112742591773,0.227502200891607,0,0.152425322484988,0.402234019971953,0.548694736840006,0.256077662338386,0,0,0,0,1.20298484932975e-17,0.0753592901211177,0,0,0,0,0,0.354556744157333,0.0891575602107794,0.124592039155847,0.316728757819031,0,0,0.0838536217965175,0,0.0560198907258608,0.557562354972332,0.198812915634912,0,0.762067566836035,0.582774421854576,0.976871888695435,0.551397230372254,0.50204629440114,0.212196364361305,0.111061011941175,0.865787595612314,0,0.339839520857837,0.950437371262762,0.795795899070912
"LP.01.60",0.410514651060957,0,0.633213420966572,0.399708818670457,0.0548459635888384,0.180878250906976,0.697316839646898,0.777255155523941,0,0,0.515318554879308,0.550685689123552,0.111290556670082,0.10158393045414,0.0298049492086192,0.746156381431365,0.517600236625229,0.446888993476201,0.354616982275684,0.682201120686971,0,0.464630119388754,0.744705543545018,0.67888391438724,0.445716442755455,0.844858810405852,0.0166507167803008,0.319287556303839,0.725839652549132,0.0458705694694288,0.185880227990584,0.225307007853067,0.120680265687456,0.153458428467954,0.394894194136276,0.199780966906965,0.990794223444313,0.800305104467374,0,0,0,0.435687797415937,0,0.591071308035325,0.140096536867493,0.107446269515809,0,0.776948869294651,0.349427085655211,0.788809056948449,0.525018415305821,0.175225124987434,0.303532052188467,0.418012349894081,0.00757963046833664,0.341723455092916,0.365618704914829,0.271097387235221,0,0.442551436753291,0.350312989316173,0.610568435369117,0.392620559497355,0,0,0,0,0.267216992069923,0.135336142562986,0.462316814404551,0,0,0,0.0980507305630378,0,0.731379342640036,0.614874915079543,0.218546515826258,0,0,1,0.279333381431023,0.0637645441761124,0.756789940931912,0.381335910698345,0,0.973623192767798,0.958979092323172,0.99403315336142,0.556395939436992,0.168510392827021,0.311846062543657,0.763363850472597,0.779238874739018,0.0221016974848424,8.47157214007337e-18,0.864841515558612,0.604656416174153
"LP.01.61",0.827338457189519,0,0.899453953432746,0.538249307548895,0.0939383218675339,0.28342213053114,0.795657020069026,0.648982309551394,0,0,0.0480509657450757,0.67222348238942,0.209213382338245,0.258427411979778,0.19131198532915,0.682529380931427,0.70004919531838,0.0959775695992661,0.508233567850933,0.839821873584394,0.069271897049465,0.512675844715584,0.618661870681976,0.606435412487759,0.395554775494028,0.819234709444417,0.0691828712695918,0.572222168509265,0.238126783693384,0.175470295321261,0,0,0.194972062038602,0.133703699205813,0.325115683317895,0,0.456406797761038,0.735189146180737,0,0,0,0.613696728733413,0,0,0.345216615048777,0,0,0,0.173391754347613,0.202814864984628,0.629823853100931,0,2.67998536613725e-17,0.501740588865086,0,0,0.69614266593494,0.392534280388979,0,0,0.503767165765165,0.719957835762767,0.488282316760402,0,0.485274473307543,0.0345278961118811,0,0.0019405706971404,0.275038090629765,0,0.815708411565203,0,0.0760277668459426,0.022624290997041,0.0413396564203573,0.214608202555444,0.479809391984602,0.617466510960767,0.244921779569862,0.857241220481594,0.738199360828906,0,2.50289883875905e-19,0.785403428646962,0.993097449259546,0.031160170811721,0.972963537598553,0.804461477809183,0.958313408231454,0.280134743674635,0.30931598973517,0.29873028860528,0.431105494302838,0.727779165668095,0.288898972736217,0.269649993075894,0.650881594925628,0.666428387173787
"LP.01.62",0.260503373939549,0,0.851498471362845,0.428275505355581,0.280825001573563,0.795718736197194,0.804641167649298,0.326371540678529,0.609897495954474,0.0203395870237669,0.10699630887851,0.254683637584761,0,0,0.27760389712237,0.668335310752648,0.387417611161714,0.302634870819053,0.508836629140909,0.741104810496668,0.281786496626049,0.0847312812827324,0.542721765149341,0.642145410212426,0.650486882390683,0.683351407263943,0.0671830323887495,0.507679933984219,0,0.529246408764127,0.822091532710528,0.0686633684356546,0.258681504714855,0,0.0226503435187165,0.223748134978024,0,0.79615430734479,0.0570216446578219,0.426869905302709,0.236444615542993,0.576202279653732,0.138831308290134,0,0.46520565660114,0.186052133071333,0,0,0.178853213380301,0.479136930159549,0.414081296610471,0.0976664011681917,0.00110899398416587,0.0151066451430121,0.757602389585942,0.913276200824208,0.786038131374429,0.547139358068129,0.464854095164437,0.128578994157281,0.841125360474896,0.656023407729666,0.88365019975297,0,0.0299550717345147,0,0,0.0316343511440383,0.408695540620813,0.306840753672631,0,0,0,0.420706613097799,0.758157137781407,0,0.466441490494117,0.85409793689342,0.334212899593627,0,0.0516660635648507,0,0.437988679736759,0.649332809190513,0.146614378053636,0.200465445469518,0.329227328591318,0.491452724134206,0.917978980838677,0.181889627378971,0.409908213677634,0.0909342655607421,1,0.817793211984219,0.392901662147557,0.647138085550233,0.792974264324361,0.924519817767776
"LP.01.63",0.218224803843701,0,0.375741777171473,0.372524912493242,0.0117400559488293,0,0,0.0279656103081461,0,0,0.910831018167688,0.469061273034766,0.423478993331803,0.409003828434982,0.116803661887658,0.750644625341156,0.583896344033751,0.914043215301208,0.646899550124479,0.567076380302424,0.00812732537390561,0,0.370060384445359,0.570172971593571,0.215285817304132,0.89212814797362,0.0692811813570885,0.567803361066904,0.752925276103952,0.141347827087845,0,0.158020387822286,0.163160644498843,0.2371675977266,0.343197177688625,0.218535044805454,0.904984791986564,0.618904721417018,0,0.382995363368369,0.0767657286881452,0.667315204888667,0.954504409904153,0.510343273045198,0.308983119471283,0.648579605993462,0.17837251785939,0.866661943956856,0,0.257269853758711,0.58945636261858,0.163852139026182,0.160903014087263,0.359137908898841,0.451565928962009,0.329214210629768,0.229505728455272,0.174245556941416,0,0.332226456647299,0.262607021213127,0.445677405065195,0.753261469971931,0.66273810179868,0,0.424260504732009,0.0685531779087973,0.822356204496839,0.199487963631433,0.0204528100082804,0,0,0,0,0.0755825652731482,0.889390148198866,1,0.280385568664828,0,0,0.827394684622904,0,0.633486887125804,0.513712111747192,0,0,0.754652992929427,0.676935110569469,0.981377909528743,0.544508630904936,0.187686770124676,0.157704983707966,0.216575860515169,0.816632058578455,0.201449736748429,5.07696112883157e-17,0.942491578710381,0.747946909349606
"LP.01.64",0.323513418066711,0,0.824012312765072,0.445856690982025,0.106419321022711,0.0502125696808927,0.439279326203669,0.137110692197908,0,0,0.29438294158057,0.527741097573082,0.121055614758747,0.0545289584787862,0.344695385550906,0.862870000046798,0.589496688822664,0.341167865050195,0.716790364746838,0.599170463609264,0.053374955803119,0,0.300706777704922,0.586235529420084,0.394992141647315,0.785259251500294,0.055232646364277,0.435798864555549,0.015545411749128,0.25179555528246,0,0,0.304474016568126,0.122563617065232,0.190784852066579,0.0209504425342479,0.802274974929066,0.867341389440547,0.267545779702166,0,0.482058581444681,0.698187144931186,0.675632253024128,0.270826650544081,0.430159421283586,0.481285973429365,0.755561268858286,0.481886102984135,0,0.0558110526873084,0.356881625234276,0,0.0198691737632817,0.438875373877819,0.240648136146721,0.376751565834563,0.443920850133066,0.412912025830852,0,0.464807197031829,0.683768738535503,0.638317898088333,0.804897692027334,0.73016387445049,0.831953845808109,0,0,0.795350731523388,0.528639002137687,0.516562780348794,0.268975509294443,0,0,0.142339670166254,0,0.0893258428810513,0.377630147423145,0.583094021745439,0,0,0.767732623644303,0,0.409986062652978,0.86287053044089,0.834085103718801,0.0525580418860298,0.822031475769619,0.639549987724248,0.947406602574287,0.262696913413134,0.20240344989783,0.291345630920283,0.246097576542931,0.713900989067122,0.371532052019708,2.45529151857506e-17,0.825488294223685,0.707989377247638
"LP.01.66",0.253294910293317,0.230122840580383,0.869034849000116,0.732260158773531,0.815173412047164,0.468879343378797,0.555250839078691,0.607324074617192,0.232847699495401,0.711399303653444,0.242382194409545,0.54777456301542,0.164871970899722,0.506557470344866,0.236003677937833,0.769045763045301,0.451252789214198,0.462083492652744,0.618019207290679,0.574548999522589,0.157915200770865,0.197533075532975,0.437255031109154,0.639959026545892,0.509807633440844,0.723871150830225,0.174250609938999,0.445688148520845,0.0363744663974256,0.0863149937593141,0,0,0.305282074296269,0.199618716120058,0.114534508949345,0.0840950970273868,0.489769276530951,0.711275069426368,0,0.646655680398906,0.0407333392801743,0.446422434470913,0.482747737052409,0.0549310766611466,0.450746282626704,0.186873219644101,0,0.0442606155078862,0,0.275293190801653,0.325665379073013,0.0334038387125796,0,0.0646285984713826,0.433376960079211,0.517213860106217,0.42748673031827,0.541654255683372,0.174231920894813,0.378961068300026,0.677518434876649,0.423465153241826,0.484670589597486,0.57307198329562,0.115489791301924,0,0.456114479578696,0.412610758692997,0.412048120905526,0.231877112717681,0,0,0,0.237889319327219,0.55466463810887,0.0123194082819042,0.383018769956824,0.473565176133164,0.776044690674126,0.316269429450529,0.266458334154298,0.0249679280776992,0.435894644968285,0.458142263768096,0.381388535890783,0,0.435360860008337,0.490473058668071,0.857691787331253,0.252748492351811,0.27467514871782,0.541904744247025,0,0.644973302510915,0.208082606072036,0.311271382884298,0.728161546008599,0.718172855300937
"LP.01.67",0.230130574093239,0,0.803292726590727,0.425743956738486,0.237441987318481,0.238708971881123,0.569904773076137,0.227539879869611,0,0,0.0837147456474481,0.426999950069582,0,0.177632118661099,0.58827502179437,0.702304846104628,0.403026633579943,0.125038376913624,0.584158525853266,0.794030879750707,0.0891456147727948,0.0927375282385561,0.439410303674274,0.48957751117309,0.490439897575463,0.689482205671006,0.119662637816138,0.464139187707865,0.00559044368352516,0.243124212537765,0.0883230525753566,0,0.880474228705109,0.674616989218488,0.361994180689889,0.233248954445701,0.162217583242668,0.845341018827862,0.307675775037451,0.667989123392544,0.276161062993948,0.641743539835144,0,0.200041367854353,0.720236338187146,0.0404912139115837,0.0455410052983484,0,0,0.105370958677679,0.360956630087267,0,0,3.89443237029273e-19,0.899292568875636,0.712704194047962,0.862096247394456,0.608849065910507,0.738972787836417,0.0425036777925813,0.766329457198533,0.815802096591045,1,0,0.194085525006554,0,0,0.0965877912194832,0.714652639879273,0.741665454310222,0,0,0,0.43950429824269,0.237390424975863,0,0.449822873558514,0.767658351131095,0,0.225206130311387,0.29188354270515,0,0.279665045425566,0.743098041400743,0.331391783522675,0.0193994386321794,0.0684133972468687,0.601246505499648,0.896663747820436,0.179461935912766,0.512208378268424,0.162633335431217,0.184316518738795,0.718044245862811,0.678546598792268,0.740614617679524,0.559384793397133,0.767040574623324
"LP.01.68",0.365303044646974,0.0735855710912088,0.917034298887006,0.370579755391429,0.414785943362353,0.334603610993075,0.407979783976842,0.387151709448321,0.131547107448297,0.69184412792232,0.309944313828627,0.794574660868228,0,0.597508519807573,0.202013064373565,0.602744073002001,0.423326500006425,0.0905875096511152,0.599289055572234,0.961979911497725,0.669055356547709,0.290512990848746,0.713988517294961,0.646842636167426,0.69389349146148,0.729204173285929,0.213755897461179,0.741357949912206,0.0607052833417718,0.33432560149911,0.684843378348063,0.050711257264475,0.793782068000001,0.601313927568853,0.333246217317222,0.176146627644102,0.394030444839853,0.896708427525576,0.675392648833595,0.479386606837322,0.0638781873658134,0.579563631427988,0,0,0.60864312235768,0,0.12532235250919,0,0.158838422655687,0,0.213397805488382,0,0,0.00231378436046038,0,0.391345143711252,0.548001257198301,0.61829119371735,0.458898503982493,0,0.692520945843896,0.640543587342597,0.645668387783091,0,0.392935441294464,0,0,0.174250112945189,0.465186872001626,0.281369587391767,0,0,0.0405937742499896,0.425877450987323,0.173031800816078,0.104484682342224,0.348914482354923,1,0,0.249826617864779,0.0569259468168801,0,0.390236127358891,0.77869341872697,0.287204880677485,0.831332660006023,0.0894288807490079,0.620023769173778,0.87307908861974,0.157101191382881,0.593821663830502,0.0350681997763516,0.290866430046194,0.555874506382497,0.608090363606294,0.411430974605776,0.440780377597499,0.607393688927827
"LP.01.69",0.204705631944391,1,0.902831872031669,0.42535436889639,0.671920767144461,1,1,0.549913348016151,0.866268472794608,0.60817716787561,0.248484701561583,0.979175642295942,0.118909742574166,0.119433710229375,0.475021807334611,0.734729746756445,0.190642373239056,0,0.292247336683564,0.536279423358082,0.333418716448447,0.604461110413512,0.317432087902913,0.492964725225247,0.648819867312425,0.874233531611323,1,1,0.0537849899759651,1,0.0527319632902154,0,0.390885921392411,0.346480051763479,0.226119663638891,0.596693174574564,0.95058192799967,0.887583901755133,0.563075488064459,0.540749938972818,0,0.172915993169114,0.0419076986978849,0.0669815526114511,0.378658253202266,0,0,0,0.363900891179607,0.455558868955851,0,0,0.0311445372444439,1.88677346871951e-19,0,0.891025487909672,0.966389771408936,1,0.803941039545155,0.156818264111638,0.828437552987631,0.583471649836294,0.70427717180303,0,0.389935800432824,0,0.0209045038314401,0.181526017079409,0.359962249626819,0.396644405411237,0,0,0,0,1,0,0.300107465940071,0.716054278536661,0.435066142970725,0,0,0.496688273009756,0.256408867519284,0.496966987765814,0.169842162773603,0.17136099550538,0.101104894586396,0.740178284453165,0.545092141468022,0.247155933353639,0.0923360392334098,0.0744967537275161,0.442995477980883,0.29852437668546,0,8.40717006412338e-18,0,0.142805356977038
"LP.01.70",0.65063138459561,0,0.895134724955502,0.394116156290304,0,0.0550496067189671,0.365127240305868,0.0428426073948724,0,0,0,0.331274004911127,0.248528414740816,0.358844271650596,0.427021245601284,0.614633629911401,0.596645978673344,0,0.407017865522776,0.952278054623787,0,0,0.673443070439909,0.990075248954099,0.66062787636804,0.832728245522171,0.0603114660464669,0.565813919598676,0.359000646316269,0.320052315540616,0,0.697584232785488,0.537864071828075,0,0.290334940194091,0.0568499834789174,0.560201768972199,0.931677091574853,0,0,0.025117807765832,0.803462391542455,0,0.0808235723497819,0.254064684737779,0.552482451332882,1,0,0.283189186324875,0,0.372916904985551,0.112893523065725,0.299449275113322,0.152298280483692,0,0.4430831820787,0.535585953124579,0.211619845688096,0,0,0.532928588390028,0.683607122876182,0.700902822715922,0,0,0,0,0,0.411107878626679,3.40675710619665e-18,0,0,0,0,0.00998707223098765,0,0,0.459070501194606,0,0,0.076302281092023,0,0,0.726948429304284,0.457815475756933,0.0211566627854486,0.921742812936201,0.720944817305808,0.990667684332649,0.258008224749135,0.751849974814598,0.198371882626458,0.583982870955682,1,0.377167832472133,0.391050413993584,0.89461209528917,0.962739284317043
"LP.01.71",0.294340525212236,0,0.870387171096509,0.688071231026695,0.237585000033614,0.317057221127891,0.204605496298833,0,0.494700221111551,0.606295929339441,0.188062400798367,0.37533314102139,0.548942645018303,0.52546678922598,0.146153093979311,0.889667502060083,0.5829870350384,0.570270637179421,0.559667894928631,0.479461915290924,0.144210015752069,0.169449844969205,0.624347682943512,0.602692054316729,0.468180077663884,0.661453150502741,0.0337707341210439,0.383910551452037,0.00869313351893529,0.0652344956666435,0,0,0.428453356250104,0.117023649828426,0.182867924431986,0.0513016162814433,0.471278980790998,0.74856187271105,0,0,0,0.430545967231316,0,0,0.332652802965138,0,0,0.28927381874464,0.463763355082204,0.25055713336042,0.522952421042873,0,0.00265062439758824,0.0769453424017357,0.0337804487808235,0.752049943662616,0.442060259243185,0.475323598189816,0.169657075544027,0.218117066778569,0.78721445643884,0.614753667273935,0.674697612875844,0.295023517063052,0.755682663878812,0.607720694498709,0.337822596552049,0.352092480244844,0.327613097173953,0.259911369583781,0,0,0,0.421613172879501,0.447288069552302,0.416854460874829,0.409163522515633,0.403696787799984,0.654898281035692,0.129082601321125,0.144339118279319,0,0.344379783967017,0.388434835047724,0.155797145820829,0,0.630620966034198,0.554382129698373,0.902728870660328,0.255024914537893,0.230011027085687,0.285891704694345,0,0.767230559446228,0.195386359759858,0.426107139969286,0.918854051034184,0.890525016435824
"LP.01.72",0.279103814210104,0,0.621843602929689,0.549825214730357,0.0336748940512096,0.138560532347664,0.38978120715541,0.337859561615666,0,0,0,0.485377314716201,0.115360709912745,0.0665528754248679,0.105682380762281,0.646790822135688,0.467301982760629,0.707565367449399,0.424417922580462,0.630642493054745,0,0,0.323827205318462,0.401751120460393,0.0982644174628148,0.842974291455233,0.0495596773116376,0.50597760614594,0.523436768770553,0.083218871297597,0.461112756903959,0.401976077229871,0.165229537425762,0.183124573746902,0.481939621803292,0,0.974536433319218,0.586546279413948,0,0,0,0.601137525728443,0.639548256979515,0.00382617901070906,0.181406135953241,0.383037719209582,0.306108014010226,0.326308848647831,0.686731504777729,0.426178835067115,0.900728414855535,0.930046782149926,0.432372381567762,0.680721921863874,0,0.311397296290997,0.380502928295997,0.147204967349745,0,0.568420461110467,0.29092978305217,0.59600245529314,0.603439487102578,0,0,0,0.0583933130795288,0.272258415551489,0.146318023938512,0,0.161859815765642,0,0,0,0.143680294707945,0.285923765678744,0.73925108524261,0.267204642899741,0,0,0.871567821963019,0,0.0498141864939006,0.662442322112584,0.0756754828490507,0,0.964565722854879,0.790295016462748,0.977627758323141,1,0.261921777911584,0.220404402321428,0.218559015667648,0.747843710972093,0.0823138725235716,0,0.914633195046813,0.530236913796138
"Test.FFPE.01",0.499249920001069,0,0.856262342717852,0.653424850321768,0.22779285896556,0.34438846396278,0.564760112475466,0.517350092831728,0,0,0.161899062069762,0.449954310268253,0.427503404006365,0.504816908457073,0.44183319150725,0.766738622073641,0.734634486937514,0.116219802541825,0.61608126069855,0.675594349932236,0.141113039368461,0,0.311462316232301,0.359761900816928,0.346595395641079,0.688272531878277,0,0.296950591647485,0.112814080264584,0.181007943147397,0,0,0.467971439400238,0.470922061519273,0.379612325548813,0.43595881702873,0.605574054943667,0.873223029681784,0.468870356982973,0,0.0635552565971128,0.571887067955105,0,0,0.350500251363074,0.0840160767593107,0,0,0.35913372387719,0.356726404069889,0.482564024646014,0,0.394569887838023,0.110395510332779,0,0.606122776570985,0.50615415459869,0.440987498052742,0,0.25063094773347,0.587493575633385,0.624332932260854,0.828735166979001,0,0.71992926026025,0.134185084367415,0,0.0990791271209563,0.408572396544633,0.598007570705954,0,0,0,0.0703251468390828,0.174796755925057,0,0.424080071326122,0.422516691477052,0.50924741249515,0,0.34453587634055,0,0.11890514925038,0.721325987069652,0.282519152696833,0,0.802760687987077,0.62857856240742,0.964824579059768,0.282932178854697,0.465987756584413,0.464178838136616,0.0588609682347405,0.728766628761946,0.283982288832368,0.311064221899461,0.750300306449406,0.768024679238381
"Test.FFPE.02",0.333016916702758,0,0.893331230678161,0.711007268178225,0.705823687174692,0.223990768266531,0.467510267762486,0.182488320215153,0.22997652475705,0.645334352078728,0.105034366506303,0.466526042982479,0.0916923477154629,0.294928573137958,0.261939126110602,0.699740126025498,0.65556137787781,0.476397242749955,0.528763069017883,0.580854501247837,0.0640198871014564,0.281003923899131,0.342316517515317,0.496527444334385,0.389598435677853,0.636092682021506,0.115990128503675,0.375868308691553,0,0.0529227251714352,0,0,0.343484462485868,0.118843773435684,0.153787081979069,0.386038288042897,0.60181597896134,0.831682068633901,0.231606483702454,0.202731077380039,0,0.377810820548434,0,0,0.318162910316315,0.254631977553659,0,0.457569167737052,0.202865971326533,0.604489798027609,0.399721807399334,0,0.157548717072229,0.0346963966061804,0.376217443970951,0.502239934150865,0.361057132186035,0.489522722680411,0,0.414456148246741,0.581875290085175,0.431286257551132,0.593651913986749,0.343264951574702,0.290715790523143,0.918972636733136,0.343931301454374,0.545742803600573,0.541150108255869,0.449293898929743,0.22493464859142,0.23501132273367,0,0.625045839288486,0.284560343076997,0,0.578840363954549,0.36256306413073,0.297746381636951,0.325994955236128,0.0247641364772262,0,0.418414509687926,0.408084255815579,0.444960348271995,0,0.583919445837161,0.471574711819652,0.897159135023252,0.183315821664872,0.346328801637422,0.681383805525644,0.064879752598454,0.685799156099858,0.161783043050302,0.197463405009667,0.741271871005059,0.765150670742941
"Test.FFPE.03",0.278471073915818,0.434763019106151,0.809508745020648,0.442628254452616,0.439686578272241,0.327136411635375,0.470402406143076,0.410226419147361,0,0.0377946121184399,0.361457736919732,0.843500370277166,0.343303945440382,0.122058120552488,0.456904650561173,0.934788533003236,0.604370130732836,0.310372908436419,0.759350086813725,0.496977489927492,0.654239895638265,0.0719748895168967,0.626597232180575,0.564509986764549,0.615013418498303,0.688034462603073,0.194950776377348,0.501323464261337,0.0581290595873151,0.391780225296104,0,0,0.514650899755065,0.332432585844237,0.204703403076471,1,0.442069162928502,0.766485352977003,0.291935761283181,0.776812369757206,1,0.494749342128212,0.163174760870653,0,0.523964529485077,0.141019435552042,0,0,0.198002792096818,0.391560580111479,0.391484127827067,0,0.121343450249962,7.76614569294527e-18,0.717228036719644,0,0.472119259572459,0.593363786038079,0.151428223814457,0.0892982474705107,0.58531136358899,0.482704855903102,0.604018064117136,0,0.0971734623482403,0.560169859683443,0.302945886467034,0.276141096698533,0.740135017571863,0.413087259412205,0.687846598314153,0.411690818535256,0.89098874859245,0.83984427118872,0.25935196541846,0.642721775438966,0.654840175918329,0.801275306188443,0,0,0,0,0.678649845771912,0.357904966051128,0.0226236265481268,0.473267452621116,0.149030025258024,0.543709334468038,0.904396273501853,0.143565424172561,0.362118371253138,0.453968565488392,0,0.60903285928768,0.233531177878295,0.303143764385033,0.497325382173513,0.670722345244521
"Test.FFPE.04",0.433405042780554,0,0.934016547668582,0.813929437279048,0.547414174426253,0.137537707998337,0.13497412825909,0,1,1,0.0599706838656009,0.398053071555201,0.276072402085502,0.142177584628576,0.128835146333302,0.69336704626265,0.75376995353167,0.315283536843511,0.563169544889645,0.738601510748291,0.122989434863061,0.291433448144569,0.594444200863717,0.538740013443364,0.518386225264801,0.649421069948762,0.0748886223951102,0.315734763181314,0,0.273066808517374,0,0,0.474523889868399,0.17659270786737,0.193023349025206,0.430041488802595,0.462440750905123,0.849369206831663,0.173339076243848,0.35666621333811,0,0.545588781361785,0,0,0.469192765372806,0.856320622117917,0,0.280324812291134,0,0.251740875711257,0.457471865905262,0,0.136725158528082,0.000640284709325201,0,0.507914450189806,0.451736813213968,0.495544809986303,0.0872145461551868,0.0241475463019995,0.714296149317639,0.526983267319051,0.478037632954068,0.073214254483962,0.57084720733487,0.73439061980673,0.103721938929146,0.250808434312036,0.249326207096428,0.123362904564733,0,0,0,0.420350875208292,0.287446187223981,0,0.394355280202164,0.455488299378333,0.120115520984051,0,0,0,0.101890760602199,0.461859662523059,0.0274166240370548,0,0.556233536645985,0.59866721200827,0.943637934589373,0.177585423712468,0.501350672661596,0.83112622244784,0.270554736714698,0.727523016172464,0.537924197018214,0.4832160798514,0.766532666858993,0.758724921168976
"Test.FFPE.05",0.228399048579101,0.174282837593613,0.876299077692848,0.75570577105392,0.655488092452425,0.161581925078928,0.170516714268976,0.42600312351714,0.0170224513517729,0.854435798339109,0.117134490473432,0.371313145326316,0.395189791731723,0.297447801298343,0.244835589014989,0.740092864481374,0.740365854170489,0.59932688281951,0.79076468937852,0.580659372622479,0,0,0.195527468296992,0.327412303253835,0.162593223128427,0.657694918531344,0.0793743319632747,0.373228876930399,0.00487827998019559,0.1738131059439,0,0,0.262696665096982,0.136974158112381,0.11083044455207,0.296644283386274,0.722810714479604,0.807019398135626,0.186301647316028,0.472664426712507,0.0615906602937492,0.440252271720448,0.290042173120674,0.389043818429913,0.471165272682991,0.554847445197075,0,0.460687132060089,0.106145694360645,0.378679551644484,0.375815383391399,0,0.123718817128884,0.0134181312113102,0.350121667413824,0.557238014563396,0.356329854991592,0.4617104040988,0,0.905605130280933,0.464286994850932,0.354907595014878,0.39532866504312,1,0.222606846304068,0,1,0.834292706701023,0.624784628725582,0.475677767954772,0,0,0,0.354938230039814,0,0,0.548248782832054,0.308627030299334,0,0,0.339782297595633,0,0.505894354680543,0.339778491099615,0.207961132612997,0,0.4474890401167,0.37683438759519,0.892422738401022,0.493722587535469,0.332369897084496,0.79150118173671,0,0.704118069230539,0.133736239263659,0.199143067210848,0.767175054812812,0.753634101557807
"Test.FFPE.06",0.413709803253962,0,0.767808172360826,0.739716561925227,0.104606883355135,0.240512406134474,0.948351077036386,0.379698850108796,0,0,0,0.363091784755121,0.38587656495577,0.118384290558481,0.054075564936617,0.658811629204736,0.711991635424718,0.328670261596367,0.489747735202088,0.668493068762355,0,0.054548013235965,0.370651535296861,0.388727526985097,0.33336629635181,0.668877708642548,0.00158572690157182,0.294236231421707,0,0.0736648906591415,0,0,0.427081387102269,0.319893343916538,0.365158931157046,0.28830287402133,0.106229410168066,0.521665713641258,0,0,0,0.412055705121233,0,0,0.220293583060009,0,0,0,0,0.332740554149218,1,0.583039010984893,0.415377827037827,0.188614550565907,1,0.584809868518121,0.912655035295269,0.428498688687931,0,0.0761719888404883,0.821195978308763,0.882821606689489,0.941377290732176,0,0.334148849846987,0,0,0.183198445362407,0.116834178808179,0.0178716067426602,0,0,0,0.321032741329459,0.214087360087607,0,0,0.406352935921868,0.0193631515414914,0,0.15647089069334,0,6.18163613100405e-19,0.52349143046632,0.216046067181357,0,0.887660743019659,0.744537999264383,0.957974336181607,0.310801665421969,0.322487317296486,0.739999119503095,0.267474965274208,0.838354225254904,0.363668722758436,0.0454252800977303,0.910623412067032,0.78166824306847
"Test.FFPE.07",0.248988200943572,0,0.867879420279707,0.387799038486977,0.244548259936982,0.424911860826612,0.647366015219022,0.148213709758721,0.303780822561708,0,0.300277028008511,0.599603568777737,0,0,0.40754461028851,0.732569702627685,0.50567170123078,0.446705745071407,0.595945722277552,0.537740787580375,0.303939854444735,0,0.528345513212194,0.616942895069776,0.552655047452177,0.699254910862854,0.115553037029366,0.506031335977278,9.20543280269748e-05,0.535091100494035,0,0,0.413047729245232,0,0.101987585153174,0.329619693588084,0.598851026345725,0.785877807352881,0.0279142427403412,0.412135643206509,0.405891616860653,0.607487065563318,0.974153255870137,0,0.434580806869454,0.146284786957459,0.00773964563158892,0.338708833957456,0.349580374170592,0.505761821867172,0.503368599482316,0,0.294519732361927,0.0894513897348838,0.360990016285642,0.756887188055408,0.422398049164916,0.490784882394285,0,0.591101891489231,0.664211797438439,0.508997926532016,0.647373275463023,0,0.322798615293103,0.491895695389928,0,0.573525840091649,0.927009774259818,0.633120479781536,0.721510960942454,0.310891955529167,0,0.405647459712394,0,0.140965324942458,0.486795963758136,0.658467609353003,0,0,0.479344930582722,0,0.939994949366046,0.845614309252415,0.805739489215838,0.0611327365954141,0.681446147821426,0.525856407357923,0.9321264603271,0.218299612294861,0.262276127190998,0.105493876479554,0.0694777338882386,0.655373536791414,0.0910611304339443,0.107173668343894,0.688276979605705,0.681500730520435
"Test.FFPE.08",1,0,0.954177194287602,0.721498699499381,0.369690708737601,0.583451604063938,0.95960068245212,0.890028886506955,0,0,0.0674929577249831,0.441059889302285,0.407702562559863,0.319288179724132,0.146722671616595,0.785406706398282,0.892476196261112,0.492629004307431,0.627039523327481,0.6317018092464,0.018929758724858,0.0626924056671015,0.31551777960891,0.502425943470881,0.336458656849486,0.717156807029089,0.0902410290216706,0.250402656480611,0.0386484515647974,0.153368799785624,0,0,0.226894253054323,0.137055236968257,0.148862439068437,0.170210087434223,0.547191715380342,0.828453850211435,0,0,0,0.480865428366319,0,0,0.310257293644462,0.295651285763779,0.15226236855786,0.229318262704626,0.326220987589689,0.334830070888914,0.623290749977691,0,0.351757955510777,0.0617013535878446,0,0.460776213761564,0.35864119405915,0.369861392274678,0,0.0740461563752679,0.472932560182524,0.626558827023526,0.520369718833329,0,0.459573155823511,0.439766173097667,0,0.213805783725878,0.229113306271315,0.686317821512227,0,0,0,0.339401888782782,0.472291514458174,0.416239223075094,0.655010562447362,0.362979657217139,0.167543110742191,0.289728915171775,0.266891568547541,0.0741723449554226,0.536121683674282,0.435015246344028,0.717781770156618,0.355396902781732,0.88621325028806,0.68732317669373,0.907848796295705,0.226581128939786,0.246626959001858,0.66968944918144,0.341293604903525,0.735726652561176,0.0233359120815432,0.381544540316733,0.854025633762266,0.843377138505275
"Test.FFPE.09",0.80927883194664,0,0.961014889310007,0.456729748469957,0.0826946497451884,0.449265924049057,0.857735327465514,0.0466579685916249,0.120026292379451,0,0.26207829986635,0.443941561387491,1,0.925698679153546,0.232202744683753,1,0.7149694091681,0.0129771679406199,0.896015865238987,0.584786363199467,0,0,0.620550164515006,0.512593506822191,0.394605480538692,0.744797402447204,0.0167824358078376,0.36467861325092,0.253174288475746,0.218739538074383,0,0,1,0,0.250770888302918,0.872172896712169,0.189670047804668,0.762798037183618,0,0,0,0.627133062515062,0,0.0784435563661093,0.351104539409405,0.0722941238759881,0,0,0.188228662544998,0.530431853126084,0.524622612806566,0,0.291995174022754,0.0512027310973088,0,0.164888569030655,0.430054464012379,0.403036982902844,0,0.10341940511649,0.444556316881061,0.731474357428133,0.58120916215802,0.0239039778040488,0,0,0,0,0.112451983756847,0.421097818388388,0,0,0,0.0670767436550697,0.489030729616376,0.0107378235862832,0.145358849107769,0.431228721801964,0,0,0.311765924563388,0,0.190402242480394,0.84372450710442,0.612602688836477,0.187311844698896,0.738002301393771,0.74032567233229,0.987972252024874,0.270692801148955,0.178225901394216,0.2707697038778,0.245283933631233,0.907941862144045,0.162107039095512,1,0.872331501798493,0.857213221449576
"Test.FFPE.10",0.296358409234732,0,0.937388768421153,0.572021102850694,0.32656308794842,0.262046037667531,0.378582564521224,0.499611600108984,0,0.150017813008786,0.162977623892869,0.461739219447258,0.183331045880556,0.481640380414578,0.261838515443995,0.732826452520191,0.649307290257921,0.342475055020065,0.545748832022494,0.678047234166554,0.0225876884127171,0,0.80448375859619,0.649298689181564,0.590908604229888,0.727901691906986,0.111672853483411,0.428926707466283,0.000626737798445086,0.443466316855474,0,0,0.445512087262455,0,0.172854183747513,0.756633139126274,0.311923503806091,0.921674005601496,0.426823708983137,0.058977692905542,0,0.772237898257877,0.283045111958609,0,0.709088687741367,0.263524086931972,0,0,0.259987744962182,0.372066730014753,0.26136298872226,0,0.273082957803646,0.0368370501821702,0.186681364739409,0.930221292605379,0.47487120388781,0.557039042954389,0,0.0711061022747618,0.649846278264756,0.566090449236055,0.469807289745351,0,0.0931429980954152,0,0,0.0322875769393465,0.216955381769992,0.428336502735522,0,0,0,0.281823549415463,0.594932401542759,0.259039502702706,0.687558591398903,0.51337502581259,0,0,0.246373187243651,0.0674190833727416,0.491790350137099,0.66311381621233,0.181554750778128,0,0.761040316002043,0.574862452031412,0.937001499160525,0.205492878385042,0.507086802491455,0.320804950198469,0.340266485819625,0.728968524325437,0.382179919645294,0.272749115990195,0.693549163218043,0.695065437719139
